id,PC1,PC2,PC3,PC4,PC5,PC6
8,-1.0411017949123018,-2.5447057157359283,-1.413995205214751,-0.1886406624193053,0.7492700227098503,0.1869748524107478
10,1.6491377223339034,0.3203850507511926,-1.6856609246577325,0.27475889040772467,-0.33056855361454446,1.3446608846459287
12,1.3329980307119897,-1.2634818568232098,0.9271642767815235,0.5844637008730194,0.7224727283682598,-0.10803314662643222
14,0.7264726599123401,-2.2235796139094965,1.1026862297215556,-1.1460734746566599,1.0718454036185945,-0.7992926633675727
16,1.2484438650072758,-0.9448365933270523,1.5582762043256588,0.13475575527973724,0.27981720793169923,-0.21192200873932895
18,-1.1313802474308903,0.47591498429904133,-0.5922385944276308,-0.15144324019497077,-0.09781845676078633,-0.10926566066580216
19,-1.464494863478092,1.0754404039833878,-2.2198939668975792,-0.47442783196764093,-1.5135436808822673,-0.14696534871374226
22,0.12953675223179864,-2.3697053115617956,-1.7025308102151269,0.9160948436694565,2.5176687470167196,0.7693487260346741
23,-1.2645958169347444,0.6612117931877819,-0.5666262344429909,0.1501185666535003,-0.18804730331786593,0.03476534566223507
24,-1.2369195050518835,0.9602008498112127,-0.5471091594150649,-0.15982594038429832,-0.24367524907287233,-0.18909400427105402
27,2.2269928390087004,0.7428138272485159,-2.609147652166225,-0.3014721699932542,-0.877191383186092,0.926790196568781
40,-0.3825097644985925,0.46773960929330693,-0.23811458066274035,0.3872844205723101,0.11873054893900777,0.046242429051766704
43,0.7218704873150973,-0.18816630351087016,0.21312021691921415,-0.19725733226009923,-0.3160720019198733,-0.9029513151710846
45,-0.33946090328984374,-0.15603885463332787,0.1703275573088266,-0.6170620708868793,0.6791399302064356,-1.2795015632617954
46,-0.09128846401169471,0.47544661000035915,0.6657702153354637,0.3206484198230102,0.48931187624345684,-0.05308567037254204
47,-0.6149803400836494,0.025984958123245444,1.063922428895044,0.5420276749324787,0.5387019428332792,0.01891037124511966
48,-0.28866768864416453,2.1975301229129687,-2.114646136038404,-0.9396904777381847,0.05752395609669727,0.280278270083273
50,-1.175952301644845,-0.6015736734497492,0.15864896109486948,-0.6469677502453773,0.941878373060513,-0.8995280131008497
51,-1.231139466840316,-2.4293429855865383,2.166613108917568,2.2614003096843005,1.7074544173028676,-1.4768581588882255
54,-1.3291267193913914,1.6669329447065413,0.010813630212960283,-0.9400415158287737,-0.6351335046272102,-0.4354056732820869
57,-1.5617978056188306,-0.11599425008143391,0.8882681746006934,-1.145599925515474,0.8894230435705098,-0.7844547695032408
58,0.35840562437056744,-1.581726776520759,1.4357434433387317,-0.1170113197319779,1.1706629104846362,-0.37124630862766933
59,-1.5152323577501468,-0.3594678531635183,0.8141848738953096,-1.059911021762767,0.9236976915370836,-0.7692380744643524
60,-0.8773851943291471,-1.238554574337982,0.8264782446776033,-0.4987886682422438,1.2284691734967346,0.19432985552823542
62,-0.9666122756222703,1.6973997591709131,1.119451588182793,-1.040687535993573,-0.6150671217849059,-0.28814248438603013
63,0.7718220730678811,-2.9854974798755163,1.4456512160816664,2.3825304766370907,1.1263547426690523,-2.3041830226274693
67,1.0332202203965697,-0.16724070087713375,-0.43485058574096647,0.5384103124991871,-1.133015532466326,-1.1457116856701974
68,0.4895767907970341,-1.4028550211737036,0.6500427433939523,1.8761774657961534,0.973463059434043,-1.5504244192616472
70,1.949571598397981,0.8398624006503981,-1.035343139727411,-0.7731828472035439,-0.5828205332664124,-0.9959702833819263
71,0.5809215115551675,-1.354569624040831,-0.2776949631130375,0.3804922626335605,-0.262485795832124,-0.8451932572641376
73,0.1482216075335425,-1.1196317800685667,-0.7797509238611978,-0.4193154447262377,-0.7777923357774316,0.2706841636549903
74,0.832128813963435,-0.5854427841056508,0.9361019793202664,2.1224698172335876,-1.069875273787099,-1.084958881260262
76,0.13050882004956385,-1.640134681801747,0.9704871942252211,2.2093577960215423,0.5275515001825988,-1.7315196828618535
80,-0.9021003947893926,1.2719039509507797,0.0699592450762964,-0.2197128549704933,-0.5046540849086488,-0.9285543226397192
81,-1.0355625519497307,-1.5282741126223842,1.6185926879586297,1.3804973356843775,1.0216654753163417,-1.6425395072317306
91,-0.8842992999126419,-1.0660438968350023,0.8037583115939195,0.010284539182271877,1.3620960900813273,0.27314784184505336
93,4.08208526596947,2.9425859692502763,-1.2374563138972903,-0.14428652227656263,-2.2865247148087624,0.06774601736532043
97,-0.6007520711408337,0.02781348220344527,-0.5831528550012044,0.10689265331989026,-0.10232959188433369,-0.0301453076932747
103,2.3405219766451726,1.0857510116697917,-3.206776328888068,0.11434353752056983,-1.029039201876944,0.49056273532400185
111,-1.486669854773592,-2.046963279614291,-0.765079006180776,-0.3423567567437747,0.5527905947579814,0.21640618801678085
113,1.7092132095060988,1.247943394023558,-2.628446911813391,0.44381177981666525,-0.7991368013629802,0.7888581749917354
114,-0.8006069305130882,0.6199463067651544,-2.4031439620763324,-0.35673474620492784,-1.2976210850181291,0.326306166929563
116,-1.3435455780438565,1.1808980660121937,0.017928457850357928,-0.8379924581750555,-0.2655435914521691,-0.05293618565609134
117,-0.4943218802793448,0.24689269796224875,-0.38634139607057566,-0.03137733992653883,-0.30105970005601046,-0.9223969104265494
118,-0.24643813633181572,-0.41611517069006987,0.9261415124148895,0.7803445479105693,0.06423542312816603,-0.27462846528741425
120,1.8990324928878253,-0.8038364631041851,-0.40841667649291136,0.5982078995856372,-1.0418298459293855,-1.1600691842956747
121,1.0796337772118223,-0.3004522288867815,-0.10068583742486166,0.45344881310127566,-1.225505948218089,-1.1756530339382203
122,-0.04964457328130635,-0.8073926426574737,1.5255212549390158,0.7702558689931552,0.08561120129713391,-0.3172783123164129
124,-0.4836983704612109,-0.5649258940506754,-0.6338004205401562,-0.04906220435789165,-0.5276909231083932,0.012367410921271655
125,2.317304307329442,-0.6312675471498378,0.31833061757410397,0.5036654590500623,-0.33350104855797114,-1.3033174700294563
126,-0.07814899773409704,0.49280018192493164,0.6554338263774112,0.6040234929576189,0.38621805972606804,-0.31582559338699057
128,1.3221913597994133,-0.2034367746229748,-1.3987921641329089,0.1314725780493334,-0.5463985903534518,-1.3553859287666667
130,0.14907719355293478,-0.14324804599552288,-0.4523219209618974,0.6316228864222171,-0.15350402351283582,-0.7473603340967694
131,-1.2892863463111943,0.8711126354895768,-0.16483258129515527,-0.48145607110504446,-0.5844121631572519,-0.14704753241304044
132,0.3898115952512212,-0.3569309237915829,0.09215707342972153,-0.5985994245607711,-0.5853880252651431,-0.26499441843832516
134,-0.04122798234734055,-1.8325294394414138,0.6070348032254042,2.296983666569529,-0.41823104982862913,-0.6181542437400248
137,-1.0788127234923968,0.6980940742411719,-0.5939301548012558,0.1113292818744258,-0.3008552605363685,0.1617757194809362
138,-1.2136106192965415,0.9267440174756066,-0.3785725395797566,-0.3693088657409839,-0.3304224511416778,-0.06295503555112507
140,-0.9503459357606803,0.9488043697120858,-0.612700372577685,-0.287861666618148,-0.2501454423388893,-0.24291252890286819
141,0.9272498275382808,1.6887517180913885,-2.544137712922926,-0.6809179864404812,-1.5417414904270819,0.6261298937733053
142,-1.2995988868505346,1.5495798097492282,-0.5511231212945881,-0.3264787853040204,-0.5777360669022725,-0.3625521902235957
143,-1.0662889591013058,0.6266616304364285,-0.643357439583529,0.12825106707696113,-0.20586264551790004,0.04071932368239987
144,2.1261775699635304,-0.5467785896623714,-2.9610338606418027,0.22033297478287558,-0.021327402388399856,1.0622032791136946
145,-1.3306019761769785,-1.913740306383863,-0.2243081458703477,0.18901750166709586,-0.5353224841600694,-0.4864419896733612
147,-1.4154096478808813,1.0403386587509968,-0.13886987526725597,-0.8374179912808013,-0.29698682338587384,-0.0494390839367474
148,-1.532972033917159,1.3112717588849123,-0.5772734722547057,-0.2486992386755888,-0.29836645482882856,-0.21090357477900204
149,2.2280841621980505,0.6874972648415657,-3.025735746269952,0.34123270255811505,-1.6823765988031694,0.36516597563955144
150,-1.245014418462948,0.22824569279497017,-0.6638304376829746,0.4680864895790183,-0.5296991698258979,-0.3835699944685835
151,1.1607361527249842,3.253800840932077,-1.5161855565248872,1.2425458020030131,-1.5136105689163366,0.3688429518340238
153,0.31362136638959276,-0.35725835911610904,-2.1402742130230057,-0.4503060689045998,-0.7722944976675008,0.9085445242770155
155,-1.0574247730942246,1.1047096918832326,-0.5238842807216203,-0.20300252261954868,-0.6033198296286892,-0.3214801612138554
156,-1.3190098956151675,0.7941461029394925,-0.5686388638596688,0.037330290381318826,-0.21271070231745326,-0.022703844251983612
157,-0.7754629078720526,0.34744450716961495,-0.07349403220390782,0.44490782208185653,-0.2427996639039757,-0.5823721955852705
161,-1.4628084522774518,1.5261668471256493,0.03124751435739605,-1.2176575427783853,-0.39887932658407027,-0.16877048654016488
162,-1.518131920863756,1.5016076545929427,-0.08929030399179433,-0.9783629042163025,-0.3883165764444095,-0.24464943843477438
165,1.4662604867289626,0.48799974468118373,-2.820087551177731,0.39899199978872824,-0.538441984659747,1.3029674486476361
166,1.762624171647168,0.9518848575506809,-1.2201198677941016,-0.3199366603034479,-0.9817968693149234,1.1481109790345894
167,0.31362204078378786,-0.35725796502979523,-2.1402742130230057,-0.4503060689045998,-0.7722989270783172,0.9085445885746863
168,1.755163074151904,0.24748289130130652,-2.1885981989282772,-0.1537307021225084,-0.9746504498899663,0.7839623733078082
169,2.254343473364403,0.9032740138585905,-2.8564246354505753,0.07641224717908017,-0.9570038805498717,0.6012407145993979
171,2.782398764560432,-0.39111629915632884,-2.176532913543239,0.4459561338439882,-0.8202150900501246,1.0709573876032161
175,-0.8383566351687924,-1.034030053008407,-1.1147888626012326,-0.40547532710396617,1.116067753201174,0.020022477765859806
177,0.5872940266731671,0.7634081096428545,-2.0617189223587644,1.1101823521610343,-1.5089031246347304,0.5696511172064275
178,-0.9521308062626437,-1.7211299147486236,-2.3750480305020343,-0.10639077108660823,-0.02909535061539721,0.5525516963636495
179,2.7255963287005986,0.29768666462869814,-0.9788739062615278,-0.6971087232081983,-1.2905987310085938,0.5122656056743413
180,0.44803732258087303,-0.09115453956532842,1.2732623112069101,-0.8378620301897625,-0.7270196892175282,-0.07596427201622376
181,0.6433835005021895,-0.570225021747951,0.314830013302488,-1.321782109910436,-0.5727869312555443,-0.14676310227012376
183,0.34164339248702524,-0.2693776356223053,1.0040679523044491,-1.2647460711012661,-0.5088024852093296,0.004126948397097922
184,0.9718162464281003,-1.4309473700584259,0.6622051357752057,-0.9471282598895852,-0.21219041128706892,0.3942089026335542
185,0.3486788697556709,-0.3322909064072938,1.0740659717600813,-1.231019251965288,-0.5647940197438646,-0.019063655605425597
186,-0.558512132222514,1.3054211933652826,2.5390208098933025,-0.6971920542847593,-0.6524665409732786,0.02722086232862357
187,0.7929609434426957,-1.6216210423585056,2.1807917628803684,-0.6247767967346178,-0.3595210056208649,0.27907693106379744
188,-1.2356839390001677,1.8884380418441817,2.938182188804199,-1.072616419080338,-0.8721857786956486,-0.2400321190441643
189,-1.1461086617039893,1.2900926910909676,2.6358183934536887,-0.36633952855548274,-0.8063628646427029,0.175931037318783
194,-0.9964980877770304,0.13335892544192215,-1.0214434013976965,-0.6124124034399169,-0.4041564770588015,-0.06647999196940485
195,0.4527247065948441,-0.6556918026417844,1.7686023816370156,-1.5048899777824765,-0.5126323845063794,0.18830518632108761
196,-1.2609450171841508,1.7761567570452723,3.2503543250347127,-1.0265326633844976,-0.8379844926359729,-0.04387996373580137
197,-1.120893810999669,1.2998229188905128,3.1672776780123915,-0.9513799930139932,-0.6789746740676768,0.30502808017079946
199,-0.9522636154366346,0.37740545708458567,-0.23018662024304984,0.11890995836983574,0.964723601118023,-0.46593067969232466
201,-0.5751572823326476,0.4441391262694689,1.7709373578812546,0.8075356168715964,1.6228596890177829,-1.1832512245134315
202,-0.5852201336578139,-1.36599818661282,2.0016993578246316,1.1268341340096215,2.639623104294302,0.12070666058788697
203,-0.1427969713779744,-0.735205830635991,2.4864075037013116,1.0401751267627408,2.3994575218298566,-0.3445105523443616
205,0.062295532958785545,-1.9644010467376247,1.988810154741891,1.1793537129903253,2.6758394433226074,0.13864445025976474
206,0.4575209726894694,-1.3374225588946376,2.3561851780092815,1.0698295530344055,2.422980613871827,-0.2944670126894597
207,0.24763334346300772,-0.37421578813031847,1.5197913807507313,0.6504348841063952,1.7304655293670514,-1.1040540475158194
209,-0.459532405888133,-1.5938296587085319,2.024144592360751,1.1237258089983988,2.701917532726818,0.11562968460953267
211,-0.5017334396708542,-1.0253192423457034,0.6368863315368238,0.003695366876414085,1.2286118206406333,-0.06820385414976628
213,-0.5524883905923703,-1.3629320156613085,2.062923100174375,1.117416028053912,2.550261405059938,0.10350406368859955
214,-0.5246594625529087,0.22599678486742897,2.7629162577248256,1.160629123055962,1.6817495952823824,-1.0940128187223912
215,-0.5069325032019341,0.40755729740535734,1.77798462291983,0.7855025717397012,1.5465018143737164,-1.2058843436762772
216,-0.6567601865984077,-0.381897719978716,0.9261085233534501,-0.4039039509346697,0.4073905317384335,-0.27769439864625156
217,0.3897052317953664,-1.1867603166590694,0.9251918051198014,1.6759366586479005,0.8425313548641453,-1.5590451283373254
218,1.9251402253009937,-1.8631774661688913,1.7160754500264521,0.5236150758671576,1.150963984392892,-1.4477063710837819
219,0.45710902564407646,-2.120108377632384,2.0823666470662476,1.5556330228572368,2.4067637490408895,0.1600512005294814
220,1.261988494019878,-0.36278694014913054,1.9758430104362041,-0.01954627643126334,1.066928271479341,-1.0243829176913886
221,0.7463490652745093,-0.649143663305427,1.3471489202554066,0.3926387230450906,1.5589202733321654,-1.027360137281488
223,-0.5868890934843917,-1.6835082344340648,2.5604210278058614,1.654980400975041,2.581355447866228,0.4626992363791075
224,0.16643596463780166,-0.6648479334602314,3.4720307021548362,1.3420044442411732,2.2079758786936328,-0.20796822319524572
225,-0.4036309004876988,0.33108659152474496,2.5989047773884733,0.8766937513857872,1.422949495170481,-1.1060275764832326
226,-0.9802824019918869,-0.44665230232139363,2.553630302794641,1.0331002766169521,1.6817897477598034,-0.7048003996688395
229,-0.8010983980386799,0.8403548299306969,1.9306393056265625,0.7484877986141252,1.5981872931346257,-1.3006856219996354
231,1.0869001202031572,-1.7895586363756457,0.6701096535643811,1.8787835768772625,0.957508191371695,-1.53821645167108
232,0.38356533156197264,-1.1635290426646496,0.6690956996526978,1.8624906625075468,0.9131815626936236,-1.559358353115546
233,0.4570050591584049,-1.2242228697022017,2.038342666500296,2.0467708398948274,0.8258859046061454,-1.4287210079011037
234,-0.9692973260254499,-1.4884683428545102,1.6301671167624727,1.360413445451323,-0.33794193174933895,-1.5851727268131448
235,-0.5022517402824217,-1.6626287072075496,2.8987619499570276,2.000525778420087,1.2620793384242401,-0.23209785475111228
239,-2.104211575041522,2.9208990181851613,1.9457112162215273,-1.382272399858625,-0.6396932791305306,0.034742250605233914
241,-0.23942599811930754,1.11151830251056,0.128399256857589,-1.2069617613251196,-0.2797161544772093,0.36831145239464336
242,-0.588669123283279,0.3457245469107274,1.7229721148340202,-1.2580691133240636,-0.5555450243570869,0.48625975606043664
243,2.8351745141293314,-1.1439205263180998,-0.8207393331101407,0.5992128720907313,-1.548491901984287,0.47190273358621276
244,1.3073609781968294,-2.72076866956014,-0.09626490893622294,-0.7646063539022543,1.328692579792594,0.032985093043486645
245,1.275916407720636,-0.4084353867521613,-0.4431010009677248,0.5532177883999504,-1.0793057573825984,-1.1533835136450685
246,0.6659551220960334,-0.2734742437918722,1.2499418118625163,0.35738495855589614,-0.3105304045090424,-0.17000177600880528
247,0.7635050967735447,-0.48482895328615244,0.2182057441958304,-1.4945507858742753,-0.6344341255413862,-0.48218262343926854
248,0.33819024992411456,-0.10425733789571495,0.7378884614566752,-0.10179518498353084,-0.5070038691527898,-0.0032879630361960844
249,-1.0922909733989532,1.7290112390099637,3.0142742020658115,-0.5387353477051635,-0.9187670452849875,-0.04962133198203072
251,1.9682405742969726,-0.8139702666554313,-0.07842927401740905,0.47570607755257815,-1.0592937008281764,1.2887063940172967
253,-0.055673117843278684,1.899114030961558,3.586492248683508,-0.7712133583770528,-0.6959444225021412,-0.9125512425258944
254,0.08676070301767518,-0.5618187543144332,-0.7404689803720785,-0.5516397869509454,-0.03505097003307716,-0.027516473626321647
255,-1.4927901538426893,1.5147817423483116,-0.6858226917314808,-0.687593394476647,-0.09468108240069052,-0.16718134674316368
256,-1.490993782056453,0.951633224545411,-0.5024771639040408,-0.39303378912278947,-0.21671201058845363,-0.10186208112565882
257,0.24518236962758932,-0.7041649552686771,0.9628802611645328,-0.9199067719473847,-0.6504377848192157,0.142681407476418
258,0.8319655836946471,-1.1996892272300763,0.37168139829176594,-0.888111001132414,-0.38563117336667607,-0.007661799103320339
259,-0.785370260666442,0.6258038062038146,-0.2914648515017523,-0.943801237071542,-0.6182638815527846,0.25258101007138994
260,-1.1880224213489565,1.1872946321604272,-0.5971484785177813,-0.5379357826557409,-0.323952190297855,-0.25277424195672915
261,-1.462407057422612,-0.8709985008139182,-0.01827003046973434,-0.44215589762131025,-1.2756169782835525,-0.9755534495687211
262,-1.447824186215744,2.0279191449037546,0.05022593840583425,-1.0641665133478948,-0.6981041034908655,-0.5322557785323812
263,-1.4213693040327757,1.749069175373195,0.18341632226405152,-1.0950910750627834,-0.5960199766534157,-0.23211458369139268
264,-1.0036213694524136,2.1016566374836216,3.295198992069078,-0.543152940400525,-1.1090944792783108,-0.5896037423796217
266,-0.498874660093868,2.2117310240433388,-1.895165288119582,-0.9754095055647383,0.13855746089776078,0.5155499034557893
267,-0.9381994339573257,0.633259150057747,1.1920413885232932,-1.2414701069043488,-0.5521816283211326,0.3462990998130545
268,-1.141551290188242,0.4953897695449683,1.4503555434132223,-1.590466484549544,-0.5432556278247651,0.6723347310530193
269,-1.7695385809763244,2.0683995481072808,0.13852872360939644,-1.1405186844154194,-0.5681215099033085,-0.21140906453245778
270,-1.560536995121552,1.1434876485900618,1.0322902808101233,-0.1790519809262291,-0.5692656175423005,-1.1515097693074519
271,-0.07036583675691566,-0.11530024497721202,-0.5378155533338043,-0.8071647684360952,-0.23036472873541158,-0.025084166400102366
272,-0.7853112968453941,0.6398184488309188,-0.3210412025289435,-0.2776493344314618,-0.355912215009995,-0.10088797184342962
273,-1.5036462455047839,1.3866552038117108,-0.38624210936813214,-0.49700544294467025,-0.4026122066136222,-0.18885605757724513
274,1.4403832733454318,-1.6401786698195684,1.563067655141113,2.335213121349541,-0.2231325292070033,-2.451211088503053
275,1.0995466453710063,-1.5477780848643803,1.5036870485491736,2.0722862901278445,-0.1771533020435568,-2.271245441436269
276,-1.0934289025931816,0.8212551910514193,3.886259142113466,-0.963229724601336,-0.8253872898281731,0.13749891449808077
277,-1.037741610257263,0.9538167549257782,2.1522939007146427,-0.9882866802315665,-0.6660924777093346,0.14569281769409104
278,-1.4283006626189687,1.0378439050532073,-0.7133012261094932,-0.40147141884892235,-0.1755201181248323,-0.17993419494943091
279,0.7652809292773799,-1.5562430204823248,0.3395656862592683,-0.5187490194733315,-0.541773541945093,-0.45216981288191666
280,0.6929894724618759,-0.8361932580938511,-0.933729491777142,-0.9455672074653674,-1.5502726921593373,-0.11445664146904143
281,-1.0302620060635033,1.675506818127826,2.2124029739173556,-1.0727668861263515,-0.8000988441498734,-0.1277896472927418
282,1.3106577301181763,-1.0061426388687351,-1.1092178048918215,-1.0809796126555584,-1.356512513897277,0.37841116849009226
283,-0.13136736661258644,1.7313070502913872,2.4709978055957578,-1.3500700869812878,-0.3990623006937688,-0.5623350240154079
284,-1.0102533245350014,1.804757617000845,2.005630709130454,-1.4785848959331134,-0.5500956003585311,-0.12380813527406018
285,0.3296355395264415,-0.5002065135841758,0.16486046756738507,-0.41631970159639026,-0.6011427237927202,0.07016791538698212
286,0.7481211246542498,-0.8958010525456114,0.35068815188614577,-0.9364908875465302,-0.24429901910829288,-0.02326207932158099
287,1.3008289603036631,-1.6655059321018884,-0.12048575421316357,-0.4489452583709621,0.29202778423763165,-0.06000444360823929
288,3.5375367102911235,-1.9223776462831976,1.611239974237232,2.010485165201904,-1.1145523552564904,1.2071120489281855
289,0.874848830337829,-1.1162686525534653,0.5998234258903479,-0.4067716138190982,-0.3909596166397435,0.13059126715682573
290,1.097368861508671,-1.509268138084358,-0.3184689603807474,-1.1491828725075004,-0.5391537933857076,0.03890695955578383
291,1.0843086903731236,-4.431459537327862,-0.5626641298337082,-0.48513613185201904,0.17175179418104938,0.07799170916144249
292,1.047100649816814,-2.053379523725804,0.650526824310047,-0.6577609837536831,0.8460104235887446,-1.135772290317369
293,3.26050623750921,1.2796626162642157,-0.20360847805096985,0.8397895114268156,-1.583414700577401,0.29992533679915717
295,0.6001453732184867,-1.4701312906569128,-0.08086577018458464,0.5098006236611484,-0.3010818499246227,-0.9410549947037774
297,2.069550721511115,-3.1160066512911953,-1.0028405738693824,1.20841579285305,1.3277304026326047,1.1097240810729947
298,1.696980017870036,-3.521287087870077,0.21377586670750304,1.1180322262260922,2.181044115041602,1.710069391707859
299,1.8746517946002617,-0.581798173887187,-0.3490299585429541,1.4373495351111891,0.636494228546108,2.5389640479719717
301,1.4284715816697804,-0.5733677030713402,-3.337495845003032,0.5178037178109688,-0.6919515509189029,1.281786961228797
302,1.660694955716157,0.4642422984827254,-0.39088189814240604,0.2823987627794413,-0.3433070562175525,1.266400380524022
303,0.5950330255322863,2.451396896327078,-1.5792528601178386,-1.1646440544282948,-0.07430185553371582,-0.0963488309841662
304,1.6582049653037472,-3.317628988398676,-2.3102333541087883,0.6576608449252683,1.1862015410570965,1.1433950522761578
305,1.6869521210222513,-0.9403339538526988,-1.6931507440394795,1.0351754003488693,-0.022340132698713187,1.9152455974764493
306,-0.8863587031427483,-0.32148984550287557,-0.32650625725196863,-0.2839227763116639,0.8450008898801499,-1.1613247798513153
308,-0.6095457366217015,0.714042451594286,3.117585387256129,-1.3735726144047236,0.8038082938622687,-1.1876918566084795
309,0.30931030430971257,2.0010565564747873,-1.164942090858007,0.06475980508577568,1.077858416214877,-0.985575527040335
312,-1.217179448686897,-0.3518839988478358,1.1738416060307717,0.17225015264393423,-0.02809449812358573,-1.1558902529222272
313,-0.08439187601648744,-0.6178377142723747,-0.16854135254203667,0.5906000697735111,-0.4072134776998696,-0.9333577384049673
314,-1.1675013249581372,0.05959236796972202,-0.3249966100737094,-0.33177598917533113,0.8046901969570037,-1.1546054067520544
315,-1.2258149919747319,-0.0300358950282353,0.10067191067528918,-0.6210692269937074,0.7382061088003353,-1.1045772037328807
316,1.8012703333826012,-1.7784038732591838,-0.2970955919631793,0.47501140192656915,-0.7295313541814269,-0.00245153540128182
318,0.8998160347513192,0.5377505731501105,-2.8670504235051855,1.451360474320692,-1.5642805837578138,0.4307469373679925
322,-0.6036152507107168,-2.3402073629299385,-3.248721695576064,1.1111578743878798,0.665840665920103,0.19008764816325724
325,1.1251166559585768,0.6046247471618701,0.9075726254774871,3.5517826417640803,-1.6754030534458961,0.686654014284024
326,3.4243197351414207,-0.21817170528064514,-1.549232128938598,-0.133534020911374,-1.524297927980049,0.5241843308377443
327,-1.268209708511917,0.49565118601503433,-0.17850986891194057,0.03171557932000746,-0.12852778153180003,0.11397317481412785
328,0.8936504208816943,-1.7279481443923994,0.8367493351057463,2.7244673774906034,-0.9114245050942484,1.2099282090721617
329,-1.2758863299771679,0.9700099995478897,-0.6634683808942179,-0.6179114310801671,-0.3008274314366689,-0.1564869939067325
330,-1.4958620191736816,0.3540674112293042,-0.26423469916957504,-0.8113496450282547,-0.8637103227959501,0.35832110406624323
331,-1.729887015218906,-0.2733788355617612,0.8256793725951018,0.5210794668445748,-0.8526078598608824,0.5125818279667772
332,-0.8557997006272906,0.42434939898142937,-0.5917640285166932,0.047974579338588626,-0.7547072230574079,0.5222504489900005
333,-1.105370792419274,-1.8259364928270743,-4.393955864270994,1.1356922431731895,0.6194216721061496,0.1031655308724836
334,0.8520825648837684,1.8139722516852033,-4.9904353354756825,0.5446504622482746,-1.3392824725062318,0.42982520662629503
336,-1.2477183772060156,-1.9024221714781642,-4.695248196122211,1.2690711157257184,0.6215552812158376,-0.033535138407970684
337,-0.9609542228760315,-1.9768912985486005,-3.603126067089292,0.47906742156425175,0.1515037564480861,0.35654165592448434
338,-0.6563175574658365,-2.166386345523134,-3.2193550936756914,0.6746281900000597,0.45207101265702254,0.19338185308788114
339,0.9535213452483325,2.5646232508565108,-5.089860166015652,0.4724729168298247,-0.8161606835458493,0.5628805174286609
342,0.9043763402281353,-0.310394453257924,-0.40850335356585293,2.6056421386507886,-1.1294505638281604,0.8777668463155734
344,1.027684530182093,0.5398943204549211,-2.0676488594343625,-0.1566363002521351,-1.5839919818324892,0.40324873564284713
345,-0.5231743874460042,1.3394013710686383,-0.03557264115080952,1.2694651337737073,-2.5822519141351745,0.802793100866543
346,0.21196892872712197,1.1832321030008484,0.2857570132679343,1.2107404570519082,-2.0457196953626853,-0.028924515090540583
347,-0.6988699343056333,2.8110498818493164,-1.9871946420417723,1.0844960308431455,-1.678261838405404,0.4251152772518545
348,0.12236570616737237,1.6951849551832852,-2.0199945312875958,1.0701496023826294,-1.6101316585981982,0.4757462800675781
349,-1.6001115272695052,-0.9453779664544171,-1.6715528949308023,0.8121316488367386,-0.3540327956235818,0.4627054455120329
350,0.41337193826302343,1.2679762958273726,-1.9515880111826944,1.1759373585506012,-1.5776106471120008,0.5287570133407707
351,2.219179481232601,-0.7181042191627827,-0.6465024652748801,-0.48169962962006363,0.9110844879154966,0.8664591472190473
352,-0.161335121267943,1.3479451916715757,-1.3244365999147887,0.5052036308128828,-1.9126200061457872,0.36022643675944893
353,0.3438830499892883,0.9834900369511171,-1.1811436847145649,1.5868724687402314,-1.5794654819555456,0.5341743719094476
354,3.8481345635287107,1.1536181824628313,-1.3484224320864489,0.9047523270773853,0.8409232698896038,2.887222962060032
356,3.3236181149475956,0.2175908166104941,-2.461728378509813,-0.3998463826870294,-3.273025760785025,1.7841911675753575
357,4.003551195503795,2.4545598206115926,1.0751998067312172,2.4256154233516245,-1.4038228205513936,1.3348083864035862
359,1.91806682249296,-2.5830746058880276,1.3539579213532498,-0.02922768623681019,1.0736305503934347,-0.9818175163649466
360,-0.5331479389461996,0.08975081403799653,0.1990573586017271,-0.6312563275524562,0.6295119261013702,-1.2896770172834344
361,0.26587556468363605,-0.12342380132859714,3.1562556650928673,1.5578559355317942,1.3257931337751485,-1.4709815802657555
362,-0.5008962472037687,0.014266307192997043,0.8014750032105263,-0.9833121580408003,0.6099848945464054,-1.287846971098901
363,-0.7596373322786782,-0.4786848760860948,3.5515146563993287,1.8223537075279523,1.6256255843639227,-0.15416982196596263
364,-0.7226707155588521,-0.13175045039151273,2.517951030631344,1.2590139499875468,-0.17322321828901438,-1.1577915823462894
367,-0.4142031776158554,-0.4352084916938423,1.855144827051283,1.4821685307837036,0.16379174658497495,-0.457029116396118
368,-0.30111096681413263,-0.7200808630493941,1.9846368692722784,1.4079838284352018,0.7939025411765447,-0.3857684855950473
369,-0.5377272776626376,-0.3505291011645785,1.9559909696533673,1.618217803044129,0.11815263452531764,-1.124074366726393
370,0.3921525320465088,-1.2990010978353947,1.398867729434564,1.4582932684993204,0.8735765578561142,-1.9674178080285112
371,-0.06874775790882032,-1.078119305467807,1.0473015840446083,0.696606240357392,2.536193449519997,0.5032609687155845
373,-0.48235436554202415,0.25995171539125866,0.8053756250391253,0.5006476356885985,1.6347113357289214,-0.4158966065062243
374,0.5595403584228443,0.35803100062184273,0.07636679073035654,-0.8676839523593147,1.2980705217654323,-0.336839063139778
375,0.35545499987935303,0.7100622677607082,-0.3973615277130679,-0.8197480866637296,0.6230311286617534,-0.9822817947153712
376,0.8410680573467003,-0.9623079582566264,-0.2115384225867227,0.20800507539747343,1.006429382469398,-1.0444874762190817
377,3.531863798421769,-2.4362725692210567,1.4026878923269537,0.48443536060589354,1.7738354734613024,0.06624525078270739
379,0.6557962623082012,-0.66808488902131,0.9623553883026038,-0.8906906728743768,0.43594491860291007,-1.1350243175445922
380,-1.0404830691547968,-1.3053553239145572,1.5261067325914126,1.4963475653864886,-0.3774419224082738,-1.3207531847576899
381,0.5452372066499255,-1.042203610436989,0.9816475425977489,-0.27683025167947756,0.6394055898160149,-0.05967637393520522
382,-0.3927111259130377,-0.9619416506866744,1.3969190629704327,2.508122199918178,0.723267799205495,-0.8970705198411648
383,1.1197005889817506,-1.0675294312169914,0.7592159469198954,-0.6249441732567903,0.4813314581528285,-1.2391357098451938
384,-0.11252796473556474,-1.132503956104086,0.9354396082243488,1.3971754404039884,-0.0932223902997847,-1.286478347723508
386,-0.2244363327917827,-1.0160249995236958,1.3268046807925886,1.7200621283621347,-0.052609632620475626,-1.2071112395150931
387,-0.5342091583550582,-1.6967787997270876,2.8250027346260755,1.8196069100982588,2.6188543753805145,0.4206052246667915
389,-0.24707808555839256,0.22213813991423953,2.566213692779516,0.2854481267149314,0.32587629744494645,-1.129239178661308
390,0.5136522018982941,-1.312565639161537,2.370887980816881,2.093205709778957,0.7780182908371238,-1.5292879118340257
391,-0.3865824668826139,0.8883908314713065,-0.5398626630095601,-0.327880776606635,-0.5225161201471814,-0.502191848043997
392,-1.3086261863008566,0.6445575284551037,-0.4823425545234444,0.028856291689679774,-0.1801664400198668,-0.04748552728464341
394,-1.1919846650254775,1.5376943047021312,-0.1451203072712934,-1.0459513526820066,-0.3664967872872302,-0.3158202110884402
395,-0.9558031319577954,0.691344725847115,-0.4603128501043283,-0.18326318726705387,-0.09095893280314235,-0.36452625667619604
396,-0.6228045588649164,1.3519499342192873,-0.5112685712260812,-0.5604489485472444,-0.7460268647397496,-0.47187577291691674
397,-0.5224265077529856,0.411459024645011,3.5204016897548236,0.10053924558843973,-0.0025040258833167192,-0.3421217651041763
398,-0.07574827653053706,-0.19923974817357124,-0.9438206881742326,-0.6747418292017435,-0.36558494859512447,0.038559406438468384
399,-1.023362642985359,0.19362609812074935,-0.8910404482643528,-0.7568567411768181,-0.5522029797495914,0.16027721703926867
400,-2.0765344025486727,3.1152170203609906,-0.4920467808894365,-0.42133122816300334,-0.6580383510230178,-0.4581779058674918
401,-1.304212377780457,1.8051644014888968,-0.44662407359979456,-0.14245783017406935,-0.672859044144688,-0.40625284986640436
402,-1.126894976037448,1.056958954362762,-0.35785086666807603,-0.18974548370684097,-0.5839653731626305,-0.3884563123222114
403,-1.1298074721111044,1.2131704822458174,-0.5066780503230756,-0.26630162576474514,-0.67180346172138,-0.3817904033002881
404,-0.9881487465783603,1.0578643770606078,-0.5046570623169586,-0.3235950564357444,-0.6467289345944874,-0.3500057551948087
405,-0.8157360263118552,1.16256388050004,-0.5337495087753569,-0.32934605282404217,-0.6885932620161722,-0.5732128669096584
406,-0.9699775745471573,1.185726723026894,-0.24960309956941806,-0.4097167782735094,-0.6165802664560036,-0.23041487761240337
407,-0.5672276486297232,0.1539707599677331,-0.854358064816643,-0.7095230513917219,-0.44768045287901054,0.04794412282123465
409,0.8819291685456164,0.9930311965011693,-3.746248916505723,0.21590799451118103,-1.3280322251663152,0.5629051441554052
410,1.3352860704374836,-0.723959423808658,1.017014143328121,0.5622964940103359,-0.2446184461776266,-0.21003441479286591
413,-0.7821777781594749,0.9506634604318425,0.2794852311723066,0.16588653292199002,0.3426181123167018,-0.4713331850552366
414,-0.022265909656389707,1.1707323058711412,-1.5935515379712084,-0.07385220394126886,-0.16382372478455962,-0.7166209714977477
416,-1.2833619099066877,1.9179671602982895,-0.3453555840985206,-0.8321189287269937,-0.4529839716737124,-0.27274207738140677
417,-0.48638966821096474,0.9148631099267046,-0.5073847944231155,-0.36503122832378454,-0.4648174013997053,-0.41492994693688484
419,1.4354887175563402,-2.5581005136323443,-0.7308791385761243,1.1552461352987928,4.734219723510369,3.4166152378664316
420,-1.1192555925178986,-1.7793270633265876,0.8595602935797366,0.22180427908373593,1.0356392079361825,0.4048293484894532
421,-1.0784293451720273,-0.512955570869668,2.334544794030346,-0.36259114237451207,0.6328123200636278,-1.5367356081520402
422,-0.46968701881403796,0.5748734076493525,-0.18474175882655636,0.3259326720459614,-0.22074051672716777,-0.7027704702859778
424,-1.2245711462379565,-0.696611776377098,-0.5395292890792778,-1.3021151532892428,0.9694221119967568,-0.04172536753427635
425,-0.8138972698038626,-0.4175921817567068,-0.4399753479393515,-1.0078160054325613,1.1929094335538788,-0.1315298318707941
426,1.0355566710845256,4.048149545168464,1.6226020643832788,-0.2571583043656066,-1.8073031461037303,0.4129108453503239
427,0.8454071730883476,3.6879818100936057,-1.5093365731673194,1.216837998214395,-1.5440109618343882,0.34948865869514845
429,1.6558233289566493,2.9889889657299733,-1.4813796879082266,1.2660022248552143,-1.5613767184061491,0.30718855677119883
430,0.46009441661113093,3.565450878704657,-0.4955776401036415,1.3905658568386825,-1.8818098904449838,-0.22191267608520443
432,0.8020662689707133,3.7007207982642343,-0.8537740658528192,0.8369116180694522,-1.589264124913556,0.3689010841947183
433,0.42224104497895326,4.302689234168473,-0.7758806500741987,0.7903215424798827,-1.6372679929797638,0.3323353347617541
434,0.8834299021179152,4.077450826807265,1.1520538262314428,-0.5495731507043554,-1.7569349818904714,0.48013305592963623
435,0.8713080635958662,2.0283249801076693,-1.080761478066629,-0.2099530185643369,-2.229052167504495,-0.4859835136562175
436,1.6711605650825492,4.624402841746547,-2.8570768653751495,-0.034619636483562984,-1.344528393899166,0.6845546918067892
437,1.3666946304283278,3.6927451065094474,-0.2357278706586901,-0.8666028299461822,-1.8249979342823048,0.5145292706073028
438,0.22364320046389155,-3.5995472876492927,-1.3105636150583946,-0.10809389646168367,0.6547337172806991,-0.16272125282532593
439,-1.3160034920345742,0.5016444955537865,-0.6218973666587856,-0.9333995758749118,-0.4154678910429606,-0.11447021707289964
440,-1.2550506091895939,-1.3334742581465526,-0.27459795281268534,-1.2079962003589224,1.4499810524449765,-0.08664857929831918
441,0.006450663046974916,-2.46643657782722,-1.1853482658650094,-0.02878124935206736,1.713164830656485,-0.8548652463050808
442,-1.2918038581665028,0.5047222376612438,-1.0287987436328132,-0.6241920923734792,-0.4361350585009273,-0.12819467773063034
444,-1.3390483900983634,1.119478500680019,-0.6070023405807915,0.034760481164166676,-0.342502488932691,0.13318303930985073
445,0.16307002772041498,-1.0466838908980944,-1.0316885259911481,-0.6238818981523909,-0.3148054150799878,-0.0039820602616496455
446,0.12123407709935548,-0.424272591200561,-0.6681550859793791,-0.21396610627027085,-0.2717418425616219,0.10538456868072255
447,-1.5465742132701246,-0.30993632208674077,0.7400444318218607,-0.42805461924077415,-1.107339470142186,-0.9548033378966702
448,-1.0546878171475844,1.1146867285482638,1.4308586036028677,-0.1343783748114026,-0.577569512835232,-0.8154756295169384
449,-1.6448156133293934,1.0167375486211467,-0.5457139911042395,-0.9739841372445414,-0.3035032263761278,-0.11868488006700016
450,-1.6176659168539689,1.7431603112357335,0.07410976554499961,-0.6154493612535286,-0.4512137358210723,0.06915132643911807
451,-1.3841951882818753,2.002561218410662,3.0272614440688943,-1.326509356874849,-0.5901265005704254,-0.9339083368427098
452,-1.1956000080728946,1.6626766176807861,2.256669404859275,-0.8236256951292107,-0.8171718686181795,0.07290118554479025
453,-0.461490199706893,2.290911671501411,-1.7436061295729661,-1.0008399509621473,0.05117457658352131,0.24963187946714896
454,-1.0292956910124662,0.5283794460048009,1.9274578200639838,-1.1719235880395529,-0.7933686016652937,0.05229453318776865
455,-0.9938785431505757,1.6676559907630024,2.6640194101792183,-0.8661985557326036,-0.7292569641128628,0.12813107015163167
456,-1.294464981186301,0.8039451149294599,-0.4520182835658125,-0.945533284414781,-0.558835518376016,-0.23717211903648905
457,-1.323236701635257,1.397603496516634,0.03042235737570356,-0.5764909527551435,-0.46994607872023003,0.06415297112678804
458,-1.394477926558443,-0.7613361275779417,-0.3423352846714105,-0.3194482314163549,-1.331637605434185,-1.2520585520498786
459,-0.5688956373381294,-0.6286959882996415,0.5605009475040666,-0.292663288855714,-0.7859998529304638,-0.9564334229534669
461,-0.7220233164519875,1.5147816802686296,0.8509647046870178,-0.8257172294077507,-0.6039940109246172,0.10679912339247359
462,-1.3326838454916046,-0.08284907609027695,-0.5328152405484188,-1.2868794543009892,1.1881278122123256,0.06914533798598882
463,0.6994151525016726,-0.8373493523129628,-1.700391892840116,-1.0594506388463285,1.4628006406020562,0.703387857828221
464,-0.8543310505839753,-0.8378732362606439,0.6927107857846166,-1.7568357680401614,1.8464662522160227,0.7470505731895145
465,1.6663946296988514,-2.961335124804889,-0.23700607438619092,-1.590754675814768,1.1905373591475927,0.08999176208665939
466,-0.6801630808459346,-0.6168074643229279,0.41879702925583134,-1.5644239687275974,0.9146235348129588,0.21535573489142476
467,0.48914483698688055,-2.7294875664280593,-0.31306795440102364,0.47525404367336016,1.5809765618597869,-1.067396523969224
468,0.29381531798167454,-3.181144267744434,0.6455313342750404,2.2726376372447135,1.222778116752853,-1.501029433588
469,0.14682090580407822,-1.7893470713254582,-0.8775301091142734,2.100093966344597,1.7405187569516185,-0.3179434751776231
470,-0.7043999617338108,-2.1880262592531086,1.773443206889864,1.7933994725320297,2.2120567272083322,-0.05380580683690459
472,4.189153630527559,-0.7586623500578411,3.750322276422111,-2.0133617829590733,-0.08549495352494903,2.5026971991137006
473,9.34759519699362,3.4344026787315936,0.4312077675657973,-1.1052331932006552,-1.3296501790806492,0.6707893273809314
474,0.621325946744326,-2.205670281297208,-1.2656076131199343,0.21279732652799105,1.9374024246507662,0.12577554298267357
475,4.264031791072391,-0.4226895029844698,4.047773922157237,1.1642127370263144,0.5834465813697683,3.0047831301743413
476,4.311253844929533,-0.9430781552198207,2.85830505500383,-0.7105501576551089,0.4031260486664669,2.9792978717668595
477,4.617436587812398,0.04317900861081416,4.8391843521028415,0.3978846925084244,0.27748570423116853,2.682658607247297
478,4.136863116347867,-0.0027271411993507657,5.930942309845735,1.2005163320737315,0.6978927095370848,3.1008562422869903
479,1.0148470044444176,-0.6373751849990332,0.17953416680334242,0.8098275798566292,-0.6483593617163097,-1.4893794613615021
480,-0.05517636645104325,-2.7019305915141887,0.24548147182465857,2.3965135004226648,3.4100121174338778,1.251955418388759
481,0.35326717602987595,-2.2409234589547617,0.9975328587536159,2.309140761564235,2.928381065201677,1.1045188919366602
482,4.433370081091807,-0.1709151601701953,3.1635925474807913,-0.29910832012943694,0.045497345271383,2.233606013023574
483,9.354331980132283,3.5153864214410024,-1.811324129029314,-0.7584595078408547,-1.3906638802319526,0.8090809075832408
485,8.3431285201038,1.7991416026027223,-1.458241154278781,-0.7019329277423537,-1.3015087928034894,1.5107832758957946
487,-0.4629797797173043,0.05363781023475474,0.32004123313650085,0.744706540433615,-0.8061218422881831,-1.2469744236579712
488,8.716660786603148,2.5764872826876815,-2.5741268171917,-0.9648156763831989,-1.0909789230099283,0.9828066359512827
489,9.26057900571778,3.2448161588550097,-1.8858939221574242,-0.7523789016671734,-1.3404950101380988,0.6041529496011029
491,-0.6563349934973532,0.31481991879516613,3.2289367838104432,-0.6152722033830387,0.8559727446643972,-1.434441899056815
493,0.6004936531126543,2.1802619045112195,-2.147164202902184,0.19009334170868228,-1.2753588448205262,0.6572583494706041
494,-0.9601123730929646,-1.1557180138321914,0.530836548502777,-1.049027784106136,0.9882722659132778,-0.7035064741733629
495,-1.0205394312635807,-0.7355072087544517,2.228365661546274,-0.3859143211574869,0.8972010739171087,-1.060759549900372
496,-1.5546371628057511,0.204053451284073,0.2781915932698706,-0.7411229309542166,0.8653030152572972,-0.8967272635141422
497,-1.3098467191938798,0.08868591417085085,-0.34888625475073126,-0.5905160999498559,0.6647993522334594,-1.1109841190074379
498,0.2728571939144169,-1.5805910426361545,-0.10594868890073932,-0.5364799306123501,0.7513739007397457,-1.0442841405235166
500,8.144721836396009,1.2536851371784905,-0.9805027359860385,-0.9001911224777789,0.7959404541042564,0.8043734763651023
501,7.893545130029792,2.208625216680515,-1.7782972117224758,-1.1681176209642243,0.7794327054802873,1.190208434972361
502,9.273498533572427,3.2238414585175477,-2.8994872855673193,-0.7318704084312799,-1.4242358010930323,0.6934795083028145
503,-1.0250504581885838,-0.8553843184325595,-0.8322351032756009,-0.15343376159607403,1.1810439901386423,-0.023016418410387467
504,-1.197592780880538,-1.6330885773745132,-1.5815309096532104,1.2878538956497914,-0.03681480652205504,0.4431573633466253
505,0.1444749333018873,-2.364588878234881,-1.6922714447507385,0.9153631824215258,2.508946181226787,0.7702664132052456
507,-0.4384618598206455,0.6085222388769299,-1.285920833312272,-0.5128142498622654,1.2149622967388671,0.6348519257580861
508,-0.9149165812936495,-0.054460507984604174,2.6329216441847914,-1.0417151826753672,0.8474169804258288,-1.0870462549476347
509,2.2384153082944502,-3.1277302040977504,0.5410061193241046,-0.5625839748559448,0.9122404410271627,-1.2406906997888634
510,-0.7023990881783266,-0.9327785779614072,-0.1826021364481766,-0.5041991648972307,0.7723327199802243,-1.0883289730076664
511,-0.2357578870363691,-1.2284939228372627,1.4327900728624996,-0.9294231896142319,1.103176186541392,-0.7888773629073854
512,-0.9460312875980446,-0.47968307453026937,2.3979975348908127,-0.3062655606106117,0.6292997726880049,-1.493065906738614
513,-1.1763585161128163,-0.3796518238163158,0.5938268290378487,-1.0002567090143708,0.9379917345978609,-0.885107990523761
516,-1.099940397428837,-0.6104492690945752,2.2728013175697037,-1.5749278125637207,1.0919530376349147,-0.7207943065559889
517,0.48760549510794104,-1.6595123292504295,0.4857126029058217,-0.8239975857278043,0.9934123931427322,-0.8117970411163006
518,-1.5628320253670145,-0.1397836338514674,0.8820333084367991,-1.1383550519982286,0.9021926440292821,-0.8259069370062146
519,-1.3945013480448218,-0.035938062116388975,2.987489271069327,-1.226778738314576,0.9605398275045428,-0.9423276701895655
520,-1.5981602689287395,-0.08494104111400674,2.5136393629232567,-1.6592603107940442,0.8697906455824912,-0.9951413707324845
521,-1.6443838911749906,-0.0956629488025232,0.4426201673380284,-0.9297175463221553,0.9089710489163633,-0.9151023390497205
522,1.8853475047092378,-3.36298248933782,0.9524048062964388,-1.1147190833716238,1.216361580084459,-0.6373613380981239
523,0.018101299682457616,-1.7873870367246105,0.08582241529762775,-0.785564926028488,0.8585924499349122,-0.7692742611193885
524,-1.551771294582243,-0.22413960596570368,0.46474477007946285,-0.8840173810109299,0.8680786818828459,-0.906241031431544
525,-1.3318908615225522,-0.3798332630420529,2.4947437451614305,-1.6827760511325427,1.0454932583392373,-0.689996834828861
526,-0.5220294249474211,0.6866678380340019,-0.18743925529714242,0.03567964616940531,-1.0281489666313544,0.37474039470239096
527,1.249806844853971,-2.437107113463216,-0.12487643530802624,0.948731283132083,4.822213415120589,3.43597054892245
528,1.5795929504619788,-2.3077201048081437,-2.346022614046044,0.46537109232970425,4.547184034661583,3.2464872312272024
529,1.5107335518115121,-2.438438957917784,0.3178114550150642,1.0821513610616194,4.650619131310333,3.44010554672902
530,-0.43400201837734514,1.0681724751735293,0.50002114480992,-0.2739300334924579,0.09612344531435857,0.9319012848669448
531,-0.6208523935346693,0.5990152351708048,0.976023800545344,0.03815676750449476,-1.0285027965958475,0.3062676834103477
532,-0.5773377601084946,0.47072644320660273,1.0131794089662391,-0.044092147172169735,-0.9386048678728168,0.5630571786379912
533,-0.9417668607180765,0.5705851391122886,-0.6742099122148144,0.17850861225223025,-0.2794729896375654,0.36978628343903763
534,1.9621676519413367,-1.0568918658794801,-0.357553008974938,-0.18020361039180108,1.2031197626788592,0.7726204828259007
538,0.058182920582294885,-2.543885681934719,2.1976576010347033,2.6213846970665653,3.804684437496186,1.5016341772447488
539,-0.5761672733761356,-0.3280052228840968,-0.17694995171984582,0.23718994308496044,0.37645619843038924,-0.31163001172008914
541,2.0295861562279,0.31757795615479784,-2.481246723315248,0.24588411062793952,-0.6295837480175867,1.2661963021441762
542,-0.7176266899720909,-0.23502666353525453,-0.30010572618647063,0.2856798494473887,0.10829034606740424,-0.3764790351188104
543,1.985001773892261,0.30700923324910795,-2.039413533866797,0.7621569810601128,-0.8772570932199037,1.1077142312544703
544,-0.6120635609707867,0.26334986535274707,-0.39727930782322746,0.3983567735040011,-0.49158025613163553,0.39813969084399875
545,-1.3889798056541152,1.036482315793502,-0.5105554134099837,-0.3106139532521727,-0.3204904223341776,-0.19824317256238105
546,1.6188428774382124,-0.8914610965635628,-0.36253573738743006,-0.3757307596559471,0.8840510509689876,0.7059968092822526
547,-1.3965350007219517,1.4912701320216597,-0.4781072604627961,-0.2461844004042887,-0.48750272354998797,-0.3665349532493009
548,-1.104191546568941,0.26798830795565864,-1.2364235698714,-0.35691108069722427,-0.6061184367131958,-0.34843450323964664
549,-0.6473068834342426,-1.2090283126516408,-0.6780787431879407,-0.3722832032709997,-0.8400444988205921,0.051629792662960035
550,0.8719153945982756,-0.8145325107298047,-0.4743970124125264,-0.0020127804345809234,-0.6361762627222309,-0.19993837216998347
551,0.7134491090948013,0.10217343586128255,0.7488384611361216,-0.4297080707745949,-0.9371530121008773,0.7693177953966306
553,1.6312144316290307,0.5456218014945926,-0.0072682862050357355,0.7560884861623625,-0.40215543764735057,0.931525357058232
554,0.6477166093377886,0.7968099612417039,-0.10632735378589216,0.25563403930748835,-1.0609842347648402,0.4563716855610723
556,0.40606540669690255,0.48912939105555137,-2.377362333530988,0.5615537234535439,-1.1795276965676311,0.3918039455771202
557,0.43094040116448534,-1.2993002130936167,-0.18483133967860077,0.8849984125714764,-0.5719751359821255,-0.07754654207234757
558,-0.6202600826615444,-1.763429864055098,-1.331215650551539,1.084195545559065,0.5287976709908839,1.2251356867308019
560,-0.5525838396709404,-0.7566825217091425,-0.9060527113457002,-0.682968978276259,-0.633792710694356,-0.329055127030413
561,-0.6851893406285628,0.15728391323484123,-0.48411202377626134,0.20791102902313957,-0.2181431769907114,0.25606962151150026
562,0.9594246751242475,-0.19854190235315153,-0.3757574001368857,-0.19327832414533566,-0.4483150496141798,-0.7793376455633373
563,1.0304339596045924,-0.32070190221494893,-0.36625688513866866,-0.1056192239716774,-0.43923875316810285,-0.7651644200761097
564,-1.5627647328469954,1.0436664526640256,-0.5257976273604216,-0.15444951548008584,-0.45869687458415925,-0.005898334181544302
565,3.1282748513429834,1.2897071495126322,-0.9976724653382956,0.8011168885692677,1.2476547353612288,3.2784837438386796
566,0.43308481820275124,-1.2978024194351956,-0.18394870397000232,0.8867601781432826,-0.5723090668904656,-0.07647969458669059
567,0.14470455378810915,-0.9332753810915149,-2.2095505164544718,0.12529026646635255,0.5601553122577252,0.947652661782511
568,-1.3212578439083618,0.390601617668739,-0.5190047976858229,0.15209769114235938,-0.12193843378301197,0.10077828440285679
569,-1.2199085726710694,-0.8622167111865618,-0.3361205547614628,-0.27289499907162,-1.3239959383330802,-1.1303560027718902
570,-0.6473068834342426,-1.2090283126516408,-0.6780787431879407,-0.3722832032709997,-0.8400431342675703,0.051630005183075325
572,-0.8833106868467451,-0.5104480624308689,-0.5528949669091481,-0.3261719030256056,-0.9730979033077682,-0.6564450981551607
573,-1.0748577655381588,-0.6199738828969318,-0.6124335571069301,-0.3174029696506412,-0.83852316833937,-0.5231839537540837
574,-1.1535148751174644,-1.8939475331150915,1.1244064431086322,0.18166486223911993,0.9409757428341017,-0.19777788370674523
575,-1.0093553116770915,-0.34989947427530227,-0.5673338541801489,-0.3374803376568891,-0.9965654753566724,-0.6598413053958924
576,-0.8684331384461893,0.7178878181048713,-0.5808192805810132,-0.1542463187508012,-0.1332544348373067,-0.3277767294541812
577,2.045588754709788,-1.0977335920784854,-0.6184426990173475,-0.3375831264117527,0.9667870233081116,0.8336644158058701
578,-1.7412548715810372,1.860437103459665,1.6409339451862206,-0.4917967478142351,-0.7524011546023659,-0.5636305500690605
579,-1.8355012925277365,-0.8112289292261727,-4.060994685771247,0.0511095231652765,-0.22422151246233263,0.22225282238183733
580,-1.0997405028480867,1.0911485011805746,-0.47694398541402105,-0.203192201219078,-0.45538210413547164,-0.3461671993000906
581,-1.7750767704526373,2.008566981227651,-0.06688147355848827,-1.1612434638194822,-0.3890355500633702,-0.22895215639540112
582,-0.15020702344238857,0.6187566709664546,0.02582634463260344,0.03344354306274502,-0.6578178034077268,0.555761462289318
583,-0.9291015041555502,-1.1492552634696636,-2.108555954356458,-0.10688257418366656,1.6088410123539054,0.8538842096411936
584,-1.2541679579315173,1.4364909302627005,-0.04075069145917956,-0.9227878749289028,-0.5468326924622653,-0.48485489450653524
585,-1.197281097851126,-1.141526761548719,-0.6976440577802292,0.7997782417606056,1.1824412131582167,0.28817388477291545
586,-1.036691194197314,1.1147117870086467,-0.2542223192145668,-0.45317797966206874,-0.4756105975699516,-0.32791981950494903
587,-0.689792117920941,-0.9253766536241042,0.05176879500602228,0.616137899184084,1.5869118913974916,0.5872859137572166
588,-1.9205826719584895,1.3112899722611926,2.6347809183447453,1.0693268507219966,0.40026354819888826,0.6301566434258771
589,1.6653509851579482,-0.8056628509940164,1.58773497469643,0.603817376101661,2.1777109994611745,0.430400736620946
590,-0.9149405587591596,-1.8176632969154989,0.4926087253786584,-0.815834040615475,2.213045534177722,0.651275137750641
591,-1.436140469690904,1.1932603889643216,-0.5574054437547519,-0.4192232523657216,-0.20075452657721782,-0.11562841915042739
592,-2.3381726937016456,2.7404703737900675,-0.48502600408930663,-0.2734457779219287,-0.3922287091407564,-0.29395580763947843
593,-0.08502226709949517,-0.2568355341083107,-0.33706706655743546,-0.9409778324877205,-0.4717619823063969,-0.17346842342463462
594,2.4637693404426733,-1.2673264538047129,-0.3833214629496397,-0.19313723179587464,1.1404664982369381,0.7630134108807866
595,-1.2588154415049322,-1.6133039782269165,-3.371077078826101,0.13722171626130944,0.1281287420676025,0.872569337859038
596,-0.6754485043366426,0.5510151691865837,-0.6654654562658738,0.04684691643057361,-0.27253244428113804,0.2763081304455312
597,1.7654929684648,-0.2895922137568377,0.06534796211608772,-0.19047767393489887,0.27569676475217536,1.0570724534751892
598,-1.6769669103657028,1.784263981004715,-0.48688124630114044,-0.29804553360549807,-0.3403072481954225,-0.2538950975705365
599,-1.3165587482447119,1.0995636372904387,-0.5238061826094218,-0.27487300249849644,-0.33216461402012076,-0.2106261895508414
601,0.030126642262298567,1.399972495746817,-1.7531555894498174,-1.1956707301041412,0.05815361792984971,0.4352559925127273
602,-0.7833109133729708,2.2048115345663004,-2.061704984640811,-0.9317976203673006,-0.03036098818260822,0.38707463053274915
603,-0.6606560721095032,1.3915661023425594,-1.1435493964363777,-0.7682639624517869,-0.23670920166192916,-0.01921794090167469
604,-1.0091040341665531,1.1602722721292402,-0.822253729950323,-0.4930645777097279,-0.11020469266931404,-0.0016681401757609403
605,-1.1222174437057193,1.2309533727234814,-0.7438940563708389,-0.6089315520147184,0.01604704675195797,0.29592528422621966
606,-0.7934343772129745,0.9112191288299913,-0.6529588487238224,-0.1077455089819951,-0.3548023918675373,0.2012986583023455
607,-0.4509277054334174,0.5129362036415241,-2.0175503187154513,-0.03736290522531205,-4.1732073421272835,1.5642744379121845
608,3.9046167585653606,1.6045658711730206,-0.6856112686297242,1.5505416454923284,-1.6711641475214445,1.5791629430893832
609,-0.9601567922247274,0.7131648688335754,1.6328097274908968,-0.5607799605454641,-0.5135946109053132,1.030472027100243
610,-0.3249414200627485,-1.3456573355921073,-1.5892809494153255,1.760137259968403,-0.10302965379468726,-0.096739209896812
611,-1.5159517351567342,0.7911475538962481,-0.6513813706998156,-0.22378915027869412,-0.8537799659722951,1.0579818778130388
612,-1.1838867731377074,1.4266391838542294,-0.03320529808219231,-0.8484787275739957,-0.635305976175821,-0.397628906670374
613,-0.8518470381905083,-2.3004402037620437,-0.7735230241339106,1.383619389741943,1.2532521261230785,-0.23061374842308185
614,-0.8651663848922063,-2.6578407590715596,-0.258701115347699,2.764623742307281,0.2252243482837724,0.917252944392543
615,-1.040272752261134,-3.081414482679827,3.784640643028597,3.598734903255385,0.24381261722048553,1.2148022496088593
616,-1.4566865633705157,-0.6709412871055269,0.6445074456114637,1.600370435331903,-0.7014086692935841,1.2752203688289232
617,0.09830371443290499,0.39360844462027145,-1.0515605129345635,0.5517120794778241,-1.6656335297941487,0.5158169130712351
619,3.728611364382944,-0.8068601872323333,-1.005151910440366,0.30643392343355297,-0.9661273304641409,1.6823093635544606
620,0.30498961760420784,-1.0289960394868178,-1.2937887142088944,-0.04062024024714662,-0.8522149997128716,0.8652926574937364
621,4.149289778936717,1.8437046652747744,-0.20398438832875085,2.2051746169210626,-1.0847868400917804,1.8463484204192466
623,0.27834818868677635,1.193963803017893,-2.0476025478710183,1.1042311294803457,-1.5389702937538443,0.5518046923432162
626,-0.9071763857094185,0.09385219264142021,-1.4472560584906007,0.07694774255954293,-0.8310998508610756,0.9451588813928595
627,-0.8991220550050426,0.576769251511217,1.207312778826577,-1.208753208379616,-0.5742024124373418,1.4555674799196427
628,0.1073356319996735,1.3228867812632668,-2.6878284253639393,-0.04501548726626189,-0.521485149037141,1.66930488960518
629,1.2182391787041196,-1.7121312083119935,-0.02351774166463106,-0.2276341300790862,-0.883673390856981,0.8213669246393581
630,-0.9648023258891223,0.4241750092886027,0.43546050531689023,-0.0439440262314209,-0.9413246563311628,0.9817119826684804
631,0.5619219643725557,-2.101949750638174,0.6599594639545943,0.9952999372113931,0.18681262024574447,0.2677449768260328
632,-1.3447787494971477,0.4938540470353397,-0.5570147414438918,0.03813647374008545,-0.9044012978401764,0.8682820183753974
633,-0.11475538682455706,0.847325545884916,-2.777142223817061,-0.6444651387575191,-3.928793330200534,1.3568341170908478
634,1.8737641210182374,-0.5066835788496964,-2.8772010226772124,0.8696584190016953,-0.13826657203848397,1.8864949521816181
635,-0.3642994469871111,2.5292350063536237,0.4949128159050558,0.011216080336144995,-0.8242057453725498,-0.31265560981745955
638,4.322614867518235,1.6998984983807004,-0.5909018248713626,2.13060909826732,-1.1257711658962106,1.8121855493016321
640,-1.7188631430198442,-1.6948730793423252,-1.1468698514224023,0.07042745273166795,2.195275253602309,0.11847980906546045
641,1.8287011895185832,0.28224829755869413,0.11746244083294734,0.7156913655427125,-0.9713571751158098,0.7011778818242331
643,-0.9499237231277613,0.7890370756475593,-0.5620210567502116,-0.3018401271132591,-0.3465751864741249,-0.33027294470087315
644,1.307742942830614,0.21072405207331052,-2.717180053459078,0.3100191321774577,-0.6856551185665068,0.9068324766565634
645,-1.0902055679386677,1.0439313719259309,0.3695691071045852,-0.5872465796182091,-0.4981780136171574,-0.07487485206640769
646,-1.325006527896771,0.9725673633233741,-0.5188997632236239,-0.18483572512534072,-0.3378975148056148,-0.17701866192043608
647,-0.6443770623283487,-0.7891159227021519,-1.193578758221822,0.010616931317925004,-0.8186080158925464,-0.5165267756589543
649,-0.5266997697697715,-2.121313781486448,1.090287446717427,1.4017325750408283,0.09802855009812468,-0.6548043876348806
650,-1.419338451781049,1.6932758107263493,2.078036385154367,-1.001993080448521,-0.7291984978864988,-0.10792033832421996
651,-1.0938551043177585,0.8170285005076221,-0.5511471386445387,0.9575310666937923,-0.21468686470066925,-0.20641283598339244
653,-1.0854815993124767,-0.4039285619740826,-1.6844555299647435,0.31285883132935693,-0.4611575353171045,-0.08491583333556431
654,-1.3369543358881286,-0.754396950605266,-2.2901673523623103,0.09816017749213406,-0.5599040526377871,-0.26578593170022496
656,-0.35310112865036825,-0.16122415750837935,-0.864832334845095,-0.7889058541466936,0.5920378090669225,0.20456763176550252
657,0.48714756155065103,0.561847663635632,-2.2621894145731534,1.0090316157082273,-1.60583105978392,-0.03650400430449299
658,-1.336685364124409,1.68118559250459,2.3859552632987495,-0.7622898243253461,-0.9014273125825855,-0.060930111721342384
659,-1.4591439133213833,0.8897332555993289,-0.47596407529368984,-0.053838047249635736,-0.5095785682851494,-0.12729227967544748
660,-0.9399090716178559,1.9761637495552271,2.447724588610811,-1.693926178117098,0.12615827887835654,0.057218438543319476
661,-1.2224342307019092,1.9294348722324226,3.2552358778417605,-0.5251220337516158,-1.0094424788400638,-0.7018236920861127
663,-1.4239123671537495,1.558098037092282,-0.2434341988045751,-1.2792295835692649,-0.08155938865443908,0.12662541222793278
664,-1.4901790070644998,1.7347096812867044,-0.02804004804381536,-1.026356147908995,-0.44071588111833204,-0.271300755663284
665,1.7807566162758546,-0.26805659821980743,0.2997626066491677,-0.48999774307965677,0.48675109653514614,1.264313959422893
666,0.35014447092784573,0.9860486792655628,-0.8849438379358195,0.2526558146178583,-1.824759237903012,-0.259747593666051
667,-1.1170103879986173,1.2780828319757869,1.5497137822859886,-0.38239999819441767,-0.35797339564581865,-0.455570309353323
668,-0.9788537283371705,1.1875644691220333,0.15614609191783185,-0.5888263639096287,-0.2278799117296194,-0.16906736448952797
669,-1.1027398216755757,0.2578207948864686,-0.26833307015353275,-0.013667355536836855,-0.9170904044261591,-0.7142061615524083
670,-1.3669420096834508,-1.2158410901403134,-0.936745221206554,0.381009730645616,0.017355802305637026,0.2943745042704048
672,-1.1655214565328602,0.7259485151796659,-0.5862354586691886,-0.11506099516470157,-0.11987914145449749,-0.08865881210608517
673,0.8949915879796382,0.054525396555528134,-1.7068453020075034,-1.0154870027918048,-0.2084883986796008,0.5274703691489784
674,-0.7489319359048482,-0.8695376235697261,1.0305923771610972,0.0509827621107827,1.3669851941582079,0.23535158606452006
675,-0.7876694599136221,-1.1205710219197578,2.0521059168838938,-0.023812854805299096,1.1379847188575771,0.4489901580667397
676,-0.7142045802393048,-1.2048849733417932,2.062431194183807,0.024859793930830803,1.1236785024341682,0.455999228934093
678,-1.4012769415379978,-2.437545156834295,1.179232277395453,0.8331052694306381,0.6546307585280747,-0.2845627143318726
679,-1.1716159371297372,1.2553800534800372,-0.07408963455514828,-0.6720959320885442,-0.4001049495155404,-0.1414124801472762
680,-0.29705298713105677,-0.18594064517652886,-0.9870796503575835,-0.6144828256962677,-0.3026103312959176,-0.018921194975968766
681,-1.2220222095690663,1.1962110355099211,-0.47415275678483265,-0.23613920645103254,-0.6857385277007856,-0.3990602638718514
682,-0.6302428220231509,2.8675833463767333,-1.7544870468783722,-1.1250249676455015,-0.013240121420038047,0.2798038419561396
683,0.7263761932470232,-0.7250276664690993,0.3823508102051797,-1.0423366413098456,-0.4502533490812084,-0.16499951542792912
684,-1.3879065800456496,1.6443251618759254,2.9631384647809833,-1.4312692008189192,-0.9284416198233817,-0.18534124138237587
685,-1.361284353065219,1.66919700949534,2.3051638259184113,-0.8498146725794747,-0.8983420952444572,-0.07567356058720567
686,-1.2991608315314722,1.8135371647329417,2.620869710859208,-0.9621977355268105,-0.8428766999924058,-0.6068422551747812
687,-1.2621122849964912,-1.2584684087808835,3.4599693963215663,0.5050684191295952,0.6036882867322727,0.6052695945887271
688,-1.25967054655562,1.4539142138033465,2.2004787966265438,-1.1137373027865356,-0.9007841203698176,-0.36434028307942057
689,-1.3349638278171894,1.5070756422330218,2.1241961383556895,-0.9827428536094508,-0.7711360800055224,-0.20039557299098149
690,-1.354469143938196,1.5227711817547545,1.697134107178771,-1.0454732097887238,-0.780215625994294,-0.35311866145410875
691,1.9738381514119616,-0.5212410107712724,0.06788819603843729,-0.2726000414541506,0.5013078619206994,1.311432609812861
692,1.9267011521877324,-0.5774300130944903,0.3022753961069791,-0.39678797915473124,0.5700062371781771,1.3667895390432543
693,-1.2171503318958268,1.4754904307023822,2.5946217138731713,-0.7086732573415712,-0.910856403976992,-0.1967515963421491
694,-1.2476639594634331,1.394417374687395,3.439678626049436,-0.9108138432670676,-0.9887109850971373,-0.11298073800543013
695,-0.8829265371651301,-0.18615760650617455,0.08683537039613176,-1.288936282355476,-0.43424491658879,0.5983417178051735
697,-1.4411544154197442,1.376456645210593,0.696318733229757,-1.0919663768690706,-0.3860908213542157,-0.13003035189479464
698,-1.0486051786985788,1.4914145518949349,0.40063127683972294,-1.2128911849148052,-0.7465763628372954,0.11617571086980318
699,-1.741951497389694,1.8683944177336875,-0.09508333739511667,-0.98497808850422,-0.4146202774694884,-0.2678138185864257
701,-1.0996863213448582,1.0905803458805687,-0.47577473114786556,-0.202263678668484,-0.45484470876710653,-0.3461851462047277
702,-1.75406877427664,1.1325961326935263,-1.367025167747721,-0.175230559897977,-0.15504638283810146,0.1718746866394511
703,0.3228459879796714,-0.48565646190257966,-1.3612374213576313,-0.5294060514682783,0.09894547362063501,0.7939350439466661
704,-1.5359113699926281,1.6587952126780094,-0.42094571292698824,-0.7465976159975233,-0.38526624878474536,-0.2651650906861994
705,-0.07441866365449679,0.4121484038154546,0.09336413319892208,-0.33443673491276693,1.4236722200103618,0.8629775458820033
706,-1.303039500737578,1.7961117055578686,-0.9612103187688616,-0.4379705282405523,-0.005235618279960207,0.1259126954112167
707,-1.156294829711024,1.5925603972696891,1.838045005275075,-1.0326447545822868,-0.5836956533836345,0.18310806993939996
708,-1.3119046274041106,1.6622579331366134,2.04171764363214,-0.8800393275382989,-0.8208027603622501,0.15537551120822582
709,-1.303710359378246,1.762754319806166,2.2935430429527353,-0.9355174122267627,-0.8535433904743368,0.0016214699332764001
710,-1.0402608873604315,0.5445923738771402,-0.3974775088199168,-0.9744687916958976,-0.3976565346856305,0.2789589741743819
711,-1.3288091578469885,0.7464933103188259,-0.5610226937092027,0.08082053649827953,-0.1797444130855594,-0.06894157001825914
712,-1.0711387926962026,0.7108517438483057,-0.09158414075734116,0.3992825702079891,-0.2667312585355691,-0.5858865736881884
716,-1.3116077445654986,0.6404399809785345,-0.5608707469660705,0.1615961630094301,-0.13430899348697398,0.054631573607494786
717,-1.2804124914404946,1.5243930651470592,1.9994770184371502,-0.9685415377492531,-0.5169024332175235,0.04930109776101477
718,3.977523471910066,0.38132714112679456,1.8029044931466782,2.4059142807233815,0.9101993580461332,3.233458389014944
719,-1.7112726258478255,-1.6342357797670715,-0.8770419407434156,-0.14141607173216608,2.0694110045886154,0.21505186778233773
721,4.340397016708471,0.8280855688205299,-2.160765218328727,0.13021285186787807,0.647153216426937,2.5642587791466966
722,6.578300979367728,-0.6718671903503483,-1.3354822419997388,-1.5228390104281484,1.4292162549398777,1.1066805137698383
723,6.612380739937334,-1.012026053643279,-0.30632187737459105,-1.096697042964583,1.2101885110504407,0.5590456947097198
725,6.898736279631842,-0.953045712236597,2.859552552345318,-1.237713949792766,1.6376535770080798,0.09224020146389555
729,1.9722385863227379,-0.3871201675844465,-2.8345118350295766,0.14974020393947943,-0.07232003031686779,1.0860384260432134
730,-0.8856900797831216,0.6174478410817805,-0.5882932069780139,-0.2422021248204894,-0.34740409861689786,-0.13720332336695865
732,-0.5872643585738745,0.6948168081143575,-1.579311966283838,-0.6990167997315798,0.9543077792976322,0.4127996436929867
733,0.006368594988764964,-3.3066674714251305,-1.5871985818787882,1.8496978319068318,1.5315436575241574,-0.5108611602933542
734,1.3693306830240397,-0.6763426725871222,-2.2980912083705363,0.864215126899801,-1.2200951654981196,1.329515685996648
735,1.564302566424595,-0.1430958063460502,-0.21109832517335117,0.6534356360072301,-0.39232766154812515,-1.37096739121919
736,-1.2039115327819823,1.172140220179256,0.4961384151517957,-0.8961320383985798,-0.5666611850200145,-0.03566998708437811
737,-1.028409046369039,-1.3309904807309698,-1.5832162815900932,0.5701633851135999,1.2282659613409384,0.49841224949553353
738,0.5042163841902885,-4.0071612624285775,0.01331113975599039,2.517064193369543,1.2091230700816364,-1.1268693240487542
739,-1.1132809070067682,-2.4517251663957693,0.04571728632931562,-0.044940898335820594,0.15608640817779115,-0.09629598495855407
740,-1.26000494604265,-0.6194974737812459,-0.7402045240024473,1.2702864858085692,-1.3369157735482566,-1.0991408800658287
741,1.6185746648744859,-0.15797243388871685,-2.8689357004157716,0.1706033536818791,-0.12783166513443456,1.08790712915239
742,1.6427030210716118,-0.08859183784471246,-2.8772220379777265,0.20657368228278483,-0.17963355323729857,1.0322538156106162
743,2.076734302447291,-0.465215877805487,-2.8773892804397407,0.21894602145568523,-0.13175226958926564,1.0087509848021141
744,-0.9565827393757246,0.5281624752616882,-0.66858491213992,-0.5899838073484021,-0.30179552980833657,0.2587213014956923
745,1.150388736835577,0.19024712289884868,-3.886821362066973,0.7094046629512152,-1.3897544994135762,0.4746352311980165
746,1.1517294078803635,0.40404239016599425,-1.4005445910692649,0.5624550735851068,-1.2873315875412583,0.447812333371518
747,0.5691326584042411,0.5632171461644947,-5.39980042274932,0.5792457335611475,-1.397700395575895,0.39698748248040333
748,-0.23942204890235647,-2.7176327975432284,0.3690680362633882,1.5636166949416725,0.7805827673196026,-0.005406483592778943
749,-0.3633682672241708,-3.0266939909526682,0.9146305977196227,1.7141076148977683,1.4752685679198763,-0.08350935152106258
751,0.08422634435308503,-1.905392026127685,-0.8771228841183669,2.100125122208249,1.7407018406018377,-0.318209918407815
752,2.4741617510038405,3.4172922900432763,-1.2929504621939805,0.7649518291089815,0.6297278810553062,0.10045695623558434
755,0.3721863708231618,0.33156658464468114,-0.376097553928561,0.17382721144137478,0.64958113341661,-0.5290824626837096
756,-2.0876627923542146,-1.7687732338983824,-0.9544263367026531,0.9248621853811232,3.126497413237135,-1.2117244776704392
757,-1.360023388123551,-1.3053498180543537,1.2293971307100895,1.8903092037275002,2.072480018847854,-0.16306459785371466
758,-1.2836216398975457,0.48955696598316367,-0.2915541180976358,-0.4277903958665938,0.7203155235290548,-1.1463789210943272
759,-1.0628299601524065,-1.4170181300793478,-0.204667260203707,-0.21747193009707527,-0.7777604759906263,-0.8511474155913673
760,-1.205864133724628,0.7690459281526326,-0.4956718931410902,-0.6933030157953035,-0.3745414925637276,0.2684589963806171
761,-1.1137916178484297,0.7150083177962443,0.34332771578137783,0.0668015985766629,-0.34336845313996317,-0.578507306166686
763,2.196289533511516,1.3252060662855092,-0.5157011064626447,-1.2095808583972838,0.6320665839774164,1.215397996683034
764,-0.21516383606482295,1.99641284339134,-1.7541138660670637,-0.9772670925581689,-0.07625512492097439,0.3650063494442936
765,-1.2739833553359745,0.6435314732719807,-0.2669444707545597,-0.3637924506848642,-0.3140476052684895,0.048029025174407734
766,-1.0466065960968758,-2.294847259807673,-1.367621002361708,-0.2869644550595256,0.7173793292119736,0.14568050958629478
767,-1.0013360118309478,-2.5803319942617238,-0.0865462046847032,-0.8222094553651439,0.22887838980384814,0.38863406261681277
770,0.5226546979339228,-0.6224778763893654,0.37564268780486126,-1.2459581109377336,-0.5459597073569846,-0.08634979450587063
771,0.9863320411235688,-0.6330920658326845,0.21107476117243848,-1.3264926975626297,-0.2857521260330048,-0.2378669879765322
772,1.2435562527373305,-1.290003385291857,0.7441445051012218,-0.14386193603511407,-0.5798721039586543,-0.5990893875330692
773,-0.8221924962764868,-1.5179768068696853,-0.0953691738111466,-0.30352591407060775,-0.6310837144667796,-0.920337110577701
774,-0.4227589683492712,-3.4333201296302036,0.5213314359638848,1.2091141649607178,1.286372131186703,-1.0872724170428234
775,-1.5617029723980853,-1.1329380303268506,0.4880332979316134,0.3406319326381636,-1.2352515814825684,-1.3424270844840913
776,-0.9873354469838682,0.16840139160972317,-0.4626371513130743,-1.103116974497225,-0.2224825215170603,0.12583340093697268
777,-1.5483968872533906,1.4190795986802436,0.3065080415053418,-0.7564104627935723,-0.5722220796497851,0.08342245932977704
778,-1.2062280739521318,1.6889248294425245,-0.13341800847286586,-1.200408084053025,-0.4113505022954292,-0.3231911884482636
779,-1.1136430368284136,0.9309045568347062,0.4323816780668,0.05014916645007674,-0.38412131247343084,-0.5812332548368522
780,-1.0173056028053102,1.5956249529588997,2.871354919545016,-0.7612586137779955,-0.7185308696175109,0.1120370974602574
781,-1.2796682474007803,-1.8699819666414523,1.0812069805800533,-0.8479193836283677,0.5385228162453396,0.23918154387835364
782,-0.8471148825793741,0.7155000430613939,2.2507982955908106,-0.43623256200014504,-0.45690161193710876,-0.1976228800447245
783,0.01893779269080796,2.1545653646463747,-2.144652688488972,-0.9690986819015346,0.13753533681902386,0.266493625554999
784,-0.47588453632117383,1.789661462239764,-1.4421672128186562,-0.006028471885029455,-0.419617456878387,-0.30121316003261794
785,-1.3003005015874158,1.7223701192428642,2.726803459038529,-1.0213146282034242,-0.7685062316651483,-0.21410041741945507
787,-1.1647970578937625,-2.1420131577227015,0.4858447504465811,-1.2810543250855888,0.4634159528268721,0.5359273649530636
788,-0.9391416327193296,0.7109261942941053,2.2903801487060362,-0.35168229341677487,-0.4229571516457628,-0.28502347336406914
789,-1.2749591223300103,-0.5300486002819705,-0.5164084767295678,1.0706123509858883,-1.4399871097813512,-0.9647354662568601
790,0.042331373587916526,-3.3174041522359743,-1.2208059663668964,1.916269868940706,1.525774889388792,-1.1527413844590302
791,-1.621534895759496,1.441378592716247,0.31474544518500397,-0.8260097537464602,-0.603653374334001,0.08738578674165816
792,-1.4704836857174497,2.1029211560166527,-0.09384353879233402,-1.223313556280348,-0.37233082465259704,-0.2969485101188764
793,-1.8225929871759963,-1.7443098441030886,-0.8103496868376933,-0.4639673008438891,0.6025530327279579,0.26145479599636384
794,-1.4777922484194401,1.266261332061256,0.4455830883279562,-0.028952129641057155,-0.4263970196300493,-0.5616931127437472
795,-1.6531634203270738,0.930507259639726,1.2744774320981012,-0.07221916541691041,-0.4227427464023786,-0.828652362387064
796,-0.09031259477498978,-0.5602257969079711,-0.2067912420403363,-0.15474735108543192,-0.16181247770285576,0.16526016081725986
798,-1.25567693730864,0.7363070928843205,-0.16734396386738712,-0.1603271590198366,-0.2717804888820608,0.09265252734904353
799,-0.8450585948919382,-2.4202804964862215,-1.494889331634369,-0.3967456684569768,0.2372027425294366,0.18551231169062932
800,-1.236951517055688,1.373506620334544,-0.6558649579430753,-0.38037247319493356,-0.24889742324298267,-0.2718296202578092
801,-1.3594041258536584,-2.2146912271785815,-1.4226894746830956,-0.2735346332883943,0.7254900971807631,0.2088341563199973
802,1.260818148630829,-1.5774641131061349,1.5992873173453155,2.0170061849185656,-0.21753182147275987,-2.183514963194829
803,1.2945310573874826,-1.7410898807883526,1.2812848194418252,2.0895607020948455,0.01730433112150681,-2.3283320347212046
804,1.2185223923302642,-2.446337501032434,1.1925247752414954,1.3111326043650153,-0.2326524897272414,-2.3002969182121324
805,-1.5345306219508408,1.0377878106090972,0.42421151543111474,-0.4933843100567391,-0.48174197060817187,0.08230013079626212
806,-1.0746147183604149,-2.213492183037013,-1.0758249472092336,-0.7411300190395317,0.3942742386290997,0.3170491700775867
808,-1.7494078365151389,-1.624371382259403,-0.8008989854721451,0.684572055030196,2.524321332323689,-0.6417612983371656
809,-1.7667966621283229,-1.688681261474723,-1.0770445480175879,-0.03839396027995855,2.190299750221348,0.14910682941186862
810,-0.869524152231243,-2.197008083155619,0.01714608251299059,-0.5885489811582449,0.8848917924129555,-1.1299955102154509
813,-1.721341960433724,-1.6186565759740201,-1.0678346283084594,-0.02093775870227734,2.0903905438568255,0.2213629595448766
815,-0.5121495665519887,-0.8063743763201406,-0.9400127821962923,-0.8411884877336175,1.4795072753574698,0.09772644324439853
818,-0.05382656645893421,-1.7871907872589512,0.7391335126320238,1.2392664698168887,1.0774726589936379,-0.6116524786167856
819,-1.3118624730446564,-0.6380751809589167,1.5867850229146416,0.08101009784938427,0.785224471342345,-0.18816063080582154
820,-1.3395691869510837,-0.9275949786100004,-1.169895911709524,-0.47052369848111236,1.2112485240106186,0.37048773839068666
821,-0.9333500578933266,-0.6878691473761468,-0.5765833673777525,-0.44360656230301637,1.4516342968059552,-0.18114054251983147
822,-0.6881698387132869,-0.6349251695182353,-0.702419391035551,-0.3332975012630707,0.8667313653396683,0.7163351582507116
823,-1.518471932927916,-1.677635900526183,-1.057443595024719,-0.04535612256808408,1.9474260213671164,0.3149158375464714
824,-1.2622271601046546,-0.6293093310384386,-0.6909862975056812,0.43015947043650116,0.9578591398083204,0.3227097180365233
825,0.00398300614248431,1.431924214556949,-1.4367200001119953,-1.46971617107097,-0.19427395751087095,0.47382679032823943
