pool,score,output
"[66, 70]",0.9325691790834234,
"[10, 12]",0.9048953119831123,
"[48, 56]",0.8131118792573728,
"[12, 53]",0.7598738714620941,
"[14, 32]",0.7211491670919786,
"[6, 31]",0.7031612758021044,
"[16, 53]",0.6804674851333792,
"[49, 53]",0.6804674851333792,
"[17, 66]",0.672955074837075,
"[14, 41]",0.6593359615539287,
"[2, 29]",0.6514902046980795,
"[2, 49]",0.6514902046980795,
"[29, 49]",0.6514902046980795,
"[12, 19]",0.5844004070084444,
"[37, 49]",0.5819793000636408,
"[40, 67]",0.5729327699362159,
"[38, 72]",0.5722320945266426,
"[31, 72]",0.5503450152209889,
"[33, 48]",0.5482846331423115,
"[70, 72]",0.5200078216006048,
"[16, 70]",0.5198919202191282,
"[35, 49]",0.5140714624019974,
"[35, 55]",0.5140714624019974,
"[49, 55]",0.5140714624019974,
"[12, 40]",0.5093961189685159,
"[6, 60]",0.502465050721908,
"[14, 47]",0.4987533094468971,
"[17, 40]",0.49606034160699675,
"[10, 37]",0.49113485385134953,
"[2, 55]",0.48953807053173415,
"[2, 57]",0.48953807053173415,
"[55, 57]",0.48953807053173415,
"[16, 49]",0.47284715918680503,
"[17, 70]",0.47107572286597477,
"[16, 56]",0.4655426618677675,
"[6, 70]",0.45847307609252896,
"[14, 48]",0.4552268649876858,
"[34, 51]",0.4523213956827957,
"[31, 35]",0.4455718409117948,
"[6, 38]",0.4449327720642614,
"[14, 33]",0.44382767735283696,
"[33, 38]",0.44318328555388875,
"[33, 70]",0.44318328555388875,
"[38, 70]",0.44318328555388875,
"[12, 66]",0.4406060755522296,
"[37, 67]",0.4347842834416127,
"[33, 58]",0.4317177380070011,
"[14, 56]",0.4177880321443566,
"[31, 60]",0.413932701496574,
"[38, 49]",0.4139292905366738,
"[6, 54]",0.4106724520171141,
"[12, 49]",0.4071883691403128,
"[11, 14]",0.4028130204301247,
"[14, 66]",0.4022885825957997,
"[35, 38]",0.399843455020937,
"[40, 51]",0.3993391100689654,
"[7, 38]",0.3972035130711721,
"[17, 19]",0.3937184848098566,
"[41, 56]",0.39262840918597647,
"[10, 58]",0.39197175376774573,
"[6, 41]",0.38335831199564696,
"[12, 68]",0.37871555883541796,
"[2, 21]",0.3722859768394797,
"[7, 60]",0.3688959274966812,
"[2, 72]",0.3670503410148953,
"[17, 46]",0.36620987285470474,
"[16, 67]",0.36480162995402327,
"[12, 17]",0.3637824752757848,
"[14, 52]",0.35876843245513934,
"[10, 49]",0.35802034485860884,
"[2, 35]",0.35578719052633945,
"[2, 51]",0.3552864785795925,
"[10, 16]",0.3549675262046393,
"[37, 40]",0.35260740632469967,
"[11, 61]",0.3523159586674407,
"[34, 37]",0.35202914781019945,
"[37, 45]",0.3478516087250046,
"[49, 57]",0.34417292894822876,
"[40, 70]",0.34397961834510066,
"[32, 48]",0.3421021513537331,
"[12, 70]",0.34149456930322236,
"[17, 68]",0.3409810047219376,
"[6, 72]",0.3405583287443709,
"[45, 67]",0.3318679511941189,
"[6, 33]",0.330499489834362,
"[11, 18]",0.3260904584897315,
"[23, 56]",0.3253746227080433,
"[31, 38]",0.3248576082789883,
"[30, 69]",0.3243482273956768,
"[10, 21]",0.32248955141338725,
"[6, 52]",0.31937096319261726,
"[12, 33]",0.31795294823878983,
"[21, 33]",0.31795294823878983,
"[12, 56]",0.3085768080010436,
"[2, 48]",0.30649185878846397,
"[29, 55]",0.3062854604589428,
"[12, 48]",0.302837912164433,
"[30, 44]",0.3028010661805145,
"[35, 61]",0.30231716885463533,
"[14, 18]",0.29890947761291564,
"[18, 60]",0.29874231032728493,
"[32, 41]",0.2966030539179392,
"[21, 68]",0.2933939042005949,
"[30, 58]",0.28969916689113295,
"[34, 67]",0.28741489042447693,
"[27, 48]",0.28732341554738194,
"[45, 51]",0.2821859636677534,
"[44, 60]",0.2803635782713473,
"[35, 41]",0.27939506518967927,
"[51, 67]",0.27872623699966403,
"[2, 32]",0.2751784018864354,
"[6, 7]",0.27416080601362713,
"[6, 49]",0.27416080601362713,
"[6, 58]",0.27416080601362713,
"[7, 49]",0.27416080601362713,
"[7, 58]",0.27416080601362713,
"[49, 58]",0.27416080601362713,
"[54, 71]",0.2707770311321829,
"[19, 71]",0.2707428205919845,
"[14, 37]",0.26960346390650025,
"[35, 54]",0.26957802424635496,
"[35, 60]",0.2675379858190355,
"[21, 72]",0.26627291350215343,
"[18, 72]",0.2660365809740629,
"[31, 54]",0.2653449851217423,
"[11, 58]",0.2653043687183405,
"[11, 69]",0.2653043687183405,
"[58, 69]",0.2653043687183405,
"[6, 37]",0.2648476663068052,
"[6, 47]",0.2648476663068052,
"[37, 47]",0.2648476663068052,
"[6, 35]",0.26449384097248546,
"[21, 58]",0.26447803859210317,
"[12, 21]",0.26403091042754506,
"[2, 11]",0.26360846595663523,
"[15, 72]",0.26194910899416657,
"[37, 52]",0.26093589481112195,
"[15, 49]",0.26048221159261187,
"[19, 33]",0.2583619023157965,
"[19, 42]",0.2583619023157965,
"[33, 42]",0.2583619023157965,
"[14, 69]",0.25639295404328855,
"[7, 11]",0.25619952353949527,
"[19, 55]",0.253563714772998,
"[56, 66]",0.2533173583939933,
"[12, 31]",0.2526558192905324,
"[33, 72]",0.24835554337540047,
"[44, 56]",0.24738397566010212,
"[38, 46]",0.2467375119445122,
"[19, 32]",0.24345693333147755,
"[47, 66]",0.24230254407643476,
"[2, 26]",0.24133454151190636,
"[19, 30]",0.24092047534714756,
"[1, 33]",0.23898464667652441,
"[30, 41]",0.2384362404021536,
"[14, 46]",0.23704218884692974,
"[41, 54]",0.23497850804172254,
"[12, 65]",0.23369411831439968,
"[21, 60]",0.22846712319240736,
"[8, 62]",0.2275800023766391,
"[18, 48]",0.22751899781561447,
"[54, 55]",0.22727296588863888,
"[15, 30]",0.2272651070234355,
"[30, 31]",0.22667002281066662,
"[2, 14]",0.2263382669977917,
"[2, 60]",0.2263382669977917,
"[14, 60]",0.2263382669977917,
"[2, 9]",0.2259825965448088,
"[30, 49]",0.21941889306572704,
"[33, 41]",0.21935385529948725,
"[44, 49]",0.21926767033224437,
"[2, 46]",0.21748801043685484,
"[49, 67]",0.21673593947077363,
"[19, 41]",0.21605040152147748,
"[55, 72]",0.21585709609018233,
"[30, 59]",0.2145213561076541,
"[44, 67]",0.21385557810098288,
"[44, 70]",0.21385557810098288,
"[67, 70]",0.21385557810098288,
"[6, 18]",0.21151888862264423,
"[2, 23]",0.21094826099453157,
"[66, 67]",0.21061432024197946,
"[46, 66]",0.21050554530921906,
"[38, 61]",0.2099318486085179,
"[46, 52]",0.20838964678569316,
"[46, 57]",0.20838964678569316,
"[52, 57]",0.20838964678569316,
"[60, 65]",0.20795953494185404,
"[34, 63]",0.2079177406208269,
"[23, 49]",0.20566020143453556,
"[33, 39]",0.20517853969484945,
"[23, 53]",0.20370477595464354,
"[10, 51]",0.2022848707389303,
"[19, 31]",0.20136630530930588,
"[31, 70]",0.1989606602388712,
"[58, 68]",0.1989277500176162,
"[49, 56]",0.19890136835332373,
"[14, 17]",0.19770404983615186,
"[11, 55]",0.19716765189008525,
"[19, 23]",0.19595331710315234,
"[30, 57]",0.19318650708776863,
"[19, 48]",0.1926899861822367,
"[1, 58]",0.1919781528179374,
"[15, 53]",0.19155793094452833,
"[47, 52]",0.19024983539749163,
"[14, 49]",0.1895861764695929,
"[23, 29]",0.18867008541486802,
"[31, 48]",0.18802708880077745,
"[31, 65]",0.18802708880077745,
"[48, 65]",0.18802708880077745,
"[56, 67]",0.18730199523249802,
"[1, 60]",0.18593939452274225,
"[6, 29]",0.18420474860117708,
"[26, 40]",0.1804906576957459,
"[30, 51]",0.17953113876405657,
"[2, 68]",0.17754364720666316,
"[46, 48]",0.17601639937574542,
"[34, 40]",0.17365138375514294,
"[34, 45]",0.17365138375514294,
"[40, 45]",0.17365138375514294,
"[46, 49]",0.17157301247634082,
"[46, 68]",0.17157301247634082,
"[49, 68]",0.17157301247634082,
"[19, 44]",0.17111495630996687,
"[6, 53]",0.16721076325845874,
"[46, 47]",0.16521811880347748,
"[11, 71]",0.16504111685216963,
"[39, 61]",0.16439548468843382,
"[17, 53]",0.16433052088360456,
"[14, 50]",0.16405181839784322,
"[45, 52]",0.16253982983961235,
"[11, 37]",0.16228838941385126,
"[3, 49]",0.16177158855376872,
"[13, 49]",0.16162036582028605,
"[7, 37]",0.1611547765962147,
"[41, 44]",0.15976200794170026,
"[15, 16]",0.15922114810974886,
"[31, 33]",0.15863389678711332,
"[64, 72]",0.15726365453827734,
"[2, 41]",0.1571034547786625,
"[21, 23]",0.15699534047812735,
"[38, 68]",0.1568386274358981,
"[18, 30]",0.155467355563065,
"[11, 39]",0.15534241556515738,
"[6, 30]",0.15505406728736615,
"[11, 38]",0.15483074052740314,
"[11, 35]",0.15467974631737103,
"[17, 49]",0.15449025196336974,
"[14, 51]",0.15438763307706588,
"[41, 48]",0.15283448951629527,
"[21, 40]",0.15274527450299408,
"[21, 41]",0.15274527450299408,
"[40, 41]",0.15274527450299408,
"[7, 29]",0.1521758252519484,
"[49, 62]",0.15160599571489275,
"[4, 72]",0.15115800105001242,
"[2, 56]",0.15034354346744583,
"[14, 58]",0.15009742323136643,
"[2, 16]",0.14984263762908845,
"[11, 59]",0.14951916471686622,
"[19, 34]",0.14949462425247428,
"[19, 39]",0.14949462425247428,
"[34, 39]",0.14949462425247428,
"[35, 69]",0.14846588391421744,
"[35, 72]",0.14846588391421744,
"[69, 72]",0.14846588391421744,
"[1, 21]",0.14781390357678828,
"[33, 34]",0.1471078950199879,
"[11, 45]",0.14571292117163462,
"[42, 53]",0.14423214446785126,
"[35, 40]",0.14244899939192346,
"[29, 36]",0.14225349641932628,
"[2, 39]",0.14154197802663715,
"[2, 44]",0.140699068574776,
"[4, 7]",0.14056197530481962,
"[34, 69]",0.14023004755727148,
"[9, 19]",0.13922004124632414,
"[44, 48]",0.13880322359796426,
"[44, 68]",0.13880322359796426,
"[48, 68]",0.13880322359796426,
"[52, 66]",0.1382086259233029,
"[6, 46]",0.13798032783527625,
"[48, 54]",0.13609933926021056,
"[2, 52]",0.13592630695641073,
"[1, 37]",0.1354378320630844,
"[4, 31]",0.1354082116784635,
"[14, 42]",0.13535884896279649,
"[33, 71]",0.13455284709044824,
"[8, 41]",0.13447299359618592,
"[15, 24]",0.1343268223488362,
"[2, 43]",0.13411065741634887,
"[60, 68]",0.13279910488399427,
"[10, 46]",0.13094776082464182,
"[9, 12]",0.13068223660259037,
"[19, 52]",0.1301781190114879,
"[9, 49]",0.1283707575310704,
"[31, 46]",0.12798550289170552,
"[8, 12]",0.1276949448040165,
"[8, 30]",0.1276949448040165,
"[12, 30]",0.1276949448040165,
"[6, 14]",0.12737899778072942,
"[19, 70]",0.1263588212055914,
"[9, 11]",0.12609981424485106,
"[12, 54]",0.1249433407659798,
"[31, 32]",0.12439755628801319,
"[31, 40]",0.12439755628801319,
"[32, 40]",0.12439755628801319,
"[6, 71]",0.12364708681354797,
"[30, 62]",0.12261591422554213,
"[1, 19]",0.12180038802837168,
"[14, 53]",0.12101825480574896,
"[53, 65]",0.12081008565358947,
"[18, 27]",0.11993320950975539,
"[18, 70]",0.11993320950975539,
"[27, 70]",0.11993320950975539,
"[8, 70]",0.11980303108905921,
"[58, 70]",0.11980303108905921,
"[19, 63]",0.11838889114571638,
"[5, 6]",0.11828260278577285,
"[5, 53]",0.11828260278577285,
"[11, 30]",0.11822492162473336,
"[46, 50]",0.1175698279367372,
"[11, 31]",0.11740495102450044,
"[31, 67]",0.11740495102450044,
"[9, 56]",0.11737388979278851,
"[16, 72]",0.11673333544973197,
"[48, 61]",0.11621198164397795,
"[14, 71]",0.11582034142636455,
"[9, 14]",0.11506241072126855,
"[40, 66]",0.11398438781734044,
"[21, 32]",0.11386718693463016,
"[10, 63]",0.11260453313132124,
"[2, 31]",0.11252872454062679,
"[63, 69]",0.11219148757474706,
"[49, 66]",0.10826611961286092,
"[8, 58]",0.10731781082151211,
"[1, 72]",0.10620130507896423,
"[56, 70]",0.10536406333864497,
"[36, 44]",0.103634671163912,
"[39, 63]",0.10362605221754084,
"[49, 72]",0.10269716731760914,
"[10, 32]",0.10175174073478083,
"[10, 45]",0.10175174073478083,
"[32, 45]",0.10175174073478083,
"[43, 46]",0.1017483611999831,
"[49, 60]",0.1014560890086264,
"[2, 17]",0.1013599741613247,
"[1, 55]",0.09989210739588583,
"[2, 4]",0.09931488414740042,
"[17, 38]",0.09857182654452727,
"[21, 29]",0.09828767788269055,
"[7, 71]",0.09801698579881635,
"[29, 69]",0.09801698579881635,
"[34, 72]",0.09771544423080875,
"[20, 54]",0.09769795169631357,
"[54, 61]",0.09740599505407066,
"[49, 51]",0.09724737405502237,
"[33, 51]",0.09723843624062545,
"[48, 49]",0.09689967456214166,
"[29, 35]",0.0966575279505057,
"[29, 57]",0.0966575279505057,
"[35, 57]",0.0966575279505057,
"[21, 55]",0.09530046926628599,
"[2, 40]",0.09379964385659612,
"[21, 67]",0.09339663967293854,
"[30, 61]",0.09336279916522372,
"[39, 43]",0.09308599005324791,
"[10, 60]",0.09281387490264226,
"[10, 53]",0.09272430948005139,
"[7, 31]",0.09227084549720294,
"[29, 34]",0.09035451291673496,
"[29, 42]",0.09035451291673496,
"[34, 42]",0.09035451291673496,
"[16, 44]",0.09031740650313536,
"[16, 66]",0.09031740650313536,
"[44, 66]",0.09031740650313536,
"[8, 38]",0.08823357055330183,
"[2, 42]",0.08814613376809832,
"[31, 41]",0.08795937165817996,
"[26, 41]",0.08739788328519144,
"[26, 67]",0.08739788328519144,
"[41, 67]",0.08739788328519144,
"[36, 40]",0.08718490682115321,
"[17, 47]",0.0869732828274864,
"[11, 52]",0.08463793883275844,
"[9, 43]",0.08433838675278815,
"[38, 69]",0.08403612728151566,
"[2, 10]",0.08373713043146014,
"[6, 66]",0.08354365258782337,
"[12, 37]",0.08311069443268837,
"[49, 50]",0.08205142983312555,
"[10, 27]",0.08141024795635526,
"[38, 44]",0.08139618533175075,
"[39, 67]",0.08131772000444132,
"[15, 37]",0.08128404680751522,
"[42, 68]",0.08110209511790084,
"[9, 10]",0.07963340380011785,
"[68, 72]",0.07904138295770591,
"[32, 70]",0.07870334151840469,
"[7, 44]",0.07832421306115167,
"[40, 58]",0.07766585254374747,
"[1, 69]",0.07750404462899635,
"[15, 18]",0.07730691203821355,
"[19, 49]",0.07723646434016351,
"[14, 21]",0.07676087361364403,
"[44, 61]",0.07622861209343013,
"[33, 55]",0.07203649428736614,
"[7, 65]",0.07193600160560737,
"[34, 35]",0.07159203031899974,
"[3, 32]",0.07026902865718854,
"[1, 35]",0.06947895093276701,
"[7, 67]",0.06936654645363788,
"[13, 31]",0.06890154863826792,
"[8, 45]",0.0677210544717366,
"[8, 44]",0.06697126469288506,
"[66, 68]",0.06663858465736161,
"[15, 62]",0.06600681043139878,
"[16, 71]",0.0657988851286283,
"[21, 70]",0.06570516980927676,
"[2, 58]",0.06540363041930497,
"[2, 71]",0.06540363041930497,
"[58, 71]",0.06540363041930497,
"[10, 52]",0.06470729219559496,
"[32, 58]",0.06443482817528329,
"[36, 71]",0.06404615626305787,
"[70, 71]",0.06341355097976448,
"[46, 64]",0.06281582836710486,
"[12, 61]",0.0624028449699674,
"[4, 9]",0.06214904797586196,
"[7, 35]",0.061961378408091905,
"[14, 23]",0.061638148507429324,
"[32, 56]",0.061625386280968954,
"[10, 31]",0.06134388105201394,
"[10, 69]",0.06134388105201394,
"[37, 53]",0.06128026103036196,
"[19, 53]",0.060974460642189476,
"[2, 67]",0.05927156448977483,
"[11, 21]",0.059225980437211945,
"[49, 71]",0.05865651598148153,
"[2, 37]",0.05847596052477899,
"[11, 20]",0.0578144940887384,
"[2, 38]",0.05740889649630158,
"[19, 65]",0.057354568256136274,
"[31, 49]",0.05699072246857565,
"[48, 53]",0.056391700120887456,
"[6, 43]",0.05621824489309609,
"[44, 62]",0.05547221974158645,
"[12, 16]",0.05523322716847981,
"[7, 18]",0.05486581487150294,
"[7, 69]",0.05486581487150294,
"[18, 69]",0.05486581487150294,
"[6, 36]",0.054540885097506514,
"[19, 29]",0.05402281373165957,
"[20, 30]",0.0537056294868656,
"[7, 9]",0.05268886424971858,
"[15, 68]",0.052120588355220265,
"[31, 53]",0.05210200194921061,
"[18, 37]",0.05130063817763941,
"[18, 39]",0.05130063817763941,
"[18, 68]",0.05130063817763941,
"[37, 39]",0.05130063817763941,
"[37, 68]",0.05130063817763941,
"[39, 68]",0.05130063817763941,
"[23, 35]",0.05116102108162812,
"[12, 44]",0.050871344527571694,
"[14, 30]",0.050664800525813625,
"[6, 16]",0.04945385881513942,
"[6, 32]",0.04945385881513942,
"[16, 32]",0.04945385881513942,
"[15, 51]",0.04927983892237103,
"[66, 71]",0.048493759394241054,
"[2, 69]",0.04772508440939027,
"[16, 31]",0.047636873550259695,
"[34, 38]",0.04746002063460614,
"[9, 48]",0.04695664750184525,
"[24, 71]",0.04667112475522128,
"[30, 72]",0.04549117130477093,
"[34, 44]",0.04544845461402647,
"[20, 38]",0.04499920048765401,
"[18, 32]",0.04339145266109745,
"[19, 50]",0.04307362197906839,
"[41, 50]",0.04307362197906839,
"[19, 66]",0.04297300697298351,
"[30, 39]",0.042562923587546465,
"[9, 16]",0.042379659814045234,
"[46, 53]",0.04206032267356946,
"[7, 14]",0.04195363558306964,
"[24, 54]",0.0415183961363651,
"[53, 72]",0.04140369932487459,
"[49, 69]",0.041198986871184874,
"[2, 18]",0.0407495001840141,
"[26, 34]",0.04064555922129076,
"[21, 31]",0.040515912920214225,
"[3, 30]",0.03923374111075467,
"[50, 59]",0.03881064228678904,
"[6, 48]",0.0380106660493717,
"[15, 50]",0.037858994439630644,
"[11, 70]",0.03715957742810522,
"[55, 68]",0.03635755279523195,
"[1, 43]",0.03634440540514772,
"[10, 68]",0.03579191169472181,
"[27, 71]",0.03552002758074252,
"[13, 21]",0.034761635133179314,
"[13, 56]",0.034761635133179314,
"[21, 56]",0.034761635133179314,
"[4, 41]",0.034356510106581806,
"[41, 57]",0.034356510106581806,
"[16, 38]",0.033608588698191055,
"[16, 39]",0.03332531805837474,
"[26, 52]",0.032272255442175324,
"[17, 44]",0.031808405160647424,
"[32, 72]",0.03180813220922074,
"[6, 9]",0.02968691372813881,
"[6, 63]",0.02968691372813881,
"[19, 35]",0.02967160853630324,
"[42, 48]",0.028313783349350252,
"[41, 49]",0.028248162753053252,
"[31, 43]",0.028212271471165007,
"[31, 71]",0.028212271471165007,
"[43, 71]",0.028212271471165007,
"[8, 69]",0.026696022308606016,
"[26, 59]",0.02631221921070398,
"[63, 72]",0.02600133393994125,
"[24, 58]",0.02565764618004962,
"[20, 42]",0.025033246989678404,
"[20, 49]",0.025033246989678404,
"[42, 49]",0.025033246989678404,
"[39, 40]",0.02494844093240567,
"[14, 39]",0.024553527954651544,
"[6, 45]",0.02354704560537685,
"[12, 58]",0.023419916309901978,
"[19, 24]",0.022917080624901665,
"[21, 65]",0.02229611210596566,
"[11, 43]",0.022155946299662166,
"[11, 48]",0.021288515896555005,
"[15, 19]",0.020519233678897297,
"[6, 40]",0.020500379354040588,
"[34, 59]",0.020430919385889923,
"[7, 48]",0.018805123129031598,
"[58, 59]",0.01870258524816909,
"[69, 70]",0.018460185951660046,
"[8, 43]",0.018267252418394886,
"[18, 49]",0.017399972712710432,
"[18, 21]",0.017232805427079723,
"[65, 70]",0.01659463706712444,
"[12, 41]",0.016318948764589947,
"[12, 62]",0.016318948764589947,
"[41, 62]",0.016318948764589947,
"[33, 56]",0.01559790171368769,
"[10, 54]",0.015255744175168784,
"[17, 61]",0.01521779685932323,
"[40, 61]",0.014804825489233564,
"[30, 52]",0.014118889220663955,
"[17, 42]",0.014099983552141537,
"[1, 30]",0.013197005042568988,
"[2, 30]",0.013197005042568988,
"[62, 72]",0.013153365153683816,
"[19, 62]",0.012933109965049483,
"[1, 46]",0.012930725094890294,
"[25, 50]",0.012921782120458303,
"[15, 52]",0.01283248416435362,
"[18, 67]",0.012706997833325406,
"[1, 36]",0.01236157659774545,
"[2, 36]",0.01236157659774545,
"[12, 26]",0.012220752096066767,
"[8, 52]",0.012187301457731206,
"[39, 45]",0.011699667775190048,
"[52, 72]",0.01119707367959688,
"[54, 70]",0.011181238584517639,
"[18, 51]",0.010971777742412647,
"[10, 57]",0.010087454196857637,
"[3, 7]",0.0100682125054124,
"[14, 54]",0.009600033998139301,
"[46, 61]",0.009513791257991788,
"[51, 53]",0.009386768934617318,
"[18, 36]",0.009197934450128028,
"[48, 72]",0.00914534010826823,
"[20, 61]",0.008412185563155594,
"[21, 34]",0.007933286835193343,
"[2, 70]",0.007442945018940494,
"[39, 55]",0.006785538321372686,
"[13, 41]",0.0067847545322213265,
"[11, 56]",0.005896005771961144,
"[49, 63]",0.00545391869027434,
"[8, 31]",0.005332784333328289,
"[11, 29]",0.005133697803645865,
"[22, 58]",0.0049548022715467654,
"[19, 38]",0.004347528957616531,
"[31, 39]",0.004320877492369128,
"[7, 72]",0.004114254634287551,
"[26, 49]",0.0038474483169513296,
"[7, 17]",0.0036458187554501142,
"[8, 9]",0.003507960651184472,
"[7, 39]",0.0031515875349453215,
"[11, 67]",0.002529388136797317,
"[19, 40]",0.002468175849130727,
"[21, 50]",0.0023815430982204178,
"[23, 32]",0.0022172566041985253,
"[36, 46]",0.0018779508895563901,
"[46, 51]",0.0016656118605746784,
"[15, 17]",0.000695640965757971,
"[8, 72]",0.000654045370271028,
"[27, 35]",-3.617780861631115e-05,
"[32, 43]",-0.0015675308593665616,
"[5, 36]",-0.0021023506349895915,
"[3, 58]",-0.0025748190531439397,
"[4, 48]",-0.002634906335912124,
"[48, 57]",-0.002634906335912124,
"[2, 6]",-0.0033079310964482245,
"[10, 11]",-0.0047542451207363,
"[10, 48]",-0.00483216502496947,
"[19, 56]",-0.005536540349243169,
"[8, 42]",-0.006124003421898394,
"[49, 61]",-0.0063795020802319136,
"[53, 62]",-0.006424460680176047,
"[9, 59]",-0.006710270371475702,
"[12, 14]",-0.006740948880065933,
"[12, 36]",-0.006862547233350558,
"[37, 38]",-0.007753293407270101,
"[2, 53]",-0.007940882191497134,
"[11, 32]",-0.008316723279801708,
"[3, 72]",-0.008451408328066623,
"[16, 61]",-0.008879223961825833,
"[61, 72]",-0.009292195331915498,
"[18, 47]",-0.011330081015231178,
"[14, 34]",-0.011809414383344374,
"[15, 58]",-0.013121135268638784,
"[44, 55]",-0.013490158884785997,
"[24, 30]",-0.013605841504266414,
"[29, 41]",-0.013711134824695326,
"[17, 33]",-0.01401557105518314,
"[24, 63]",-0.014441269949089952,
"[39, 52]",-0.014616402098333536,
"[16, 45]",-0.014743444989144316,
"[6, 17]",-0.014777544247664365,
"[47, 69]",-0.015340797077775581,
"[36, 69]",-0.015570189691177794,
"[3, 6]",-0.015958057523584035,
"[2, 15]",-0.016408051072188512,
"[19, 37]",-0.01663708941294001,
"[19, 43]",-0.01663708941294001,
"[37, 43]",-0.01663708941294001,
"[21, 64]",-0.01865932810765808,
"[8, 16]",-0.018788252480951728,
"[18, 20]",-0.018957200901880245,
"[8, 14]",-0.018966622186008808,
"[9, 70]",-0.01916488587833054,
"[21, 54]",-0.01920471528134332,
"[26, 61]",-0.0201983245948697,
"[39, 42]",-0.020390967497386503,
"[19, 69]",-0.02063319312665557,
"[21, 24]",-0.020901564394914085,
"[2, 3]",-0.0210891828323011,
"[3, 64]",-0.0210891828323011,
"[3, 21]",-0.021096046767903276,
"[40, 53]",-0.022270340409414557,
"[18, 54]",-0.022384617666970863,
"[15, 34]",-0.022628144095005853,
"[55, 59]",-0.022716007921307013,
"[16, 48]",-0.023833208897115155,
"[21, 22]",-0.023839105429900198,
"[23, 40]",-0.024477358043564656,
"[15, 41]",-0.024490682717235313,
"[22, 31]",-0.02462901333337475,
"[16, 47]",-0.024757690578907643,
"[7, 15]",-0.025075485763128014,
"[8, 21]",-0.02517456326809933,
"[8, 37]",-0.025278713055751578,
"[8, 71]",-0.025278713055751578,
"[37, 71]",-0.025278713055751578,
"[22, 61]",-0.025430428964668073,
"[13, 35]",-0.025934255847301912,
"[21, 59]",-0.02603085659040305,
"[15, 40]",-0.026498928554251178,
"[2, 25]",-0.027142220779145965,
"[51, 60]",-0.027336960527756526,
"[27, 46]",-0.028222700299612935,
"[19, 57]",-0.028474441074369805,
"[10, 17]",-0.028748154653356506,
"[35, 63]",-0.029015440943806647,
"[14, 16]",-0.029459433814581215,
"[20, 45]",-0.02947982147785083,
"[38, 45]",-0.02947982147785083,
"[62, 67]",-0.030052183277780697,
"[21, 71]",-0.030201082986800465,
"[8, 20]",-0.03025855348683315,
"[49, 54]",-0.03036071377557409,
"[30, 42]",-0.030865039094249813,
"[29, 48]",-0.03119800138142953,
"[15, 36]",-0.03200972876256364,
"[44, 65]",-0.03208611617188151,
"[17, 30]",-0.03313423682801214,
"[17, 39]",-0.03313423682801214,
"[7, 56]",-0.03315766703638179,
"[26, 65]",-0.03325136959828201,
"[17, 32]",-0.0334206505582737,
"[32, 34]",-0.0334206505582737,
"[21, 62]",-0.03349734069124821,
"[24, 72]",-0.03387139177336418,
"[17, 26]",-0.03453166460545648,
"[15, 25]",-0.034759311763766454,
"[10, 14]",-0.03482657834366809,
"[7, 57]",-0.03535371632410045,
"[25, 35]",-0.03598383386106552,
"[25, 52]",-0.03598383386106552,
"[35, 52]",-0.03598383386106552,
"[7, 54]",-0.036200655543210336,
"[4, 32]",-0.03624359785074227,
"[32, 57]",-0.03624359785074227,
"[49, 64]",-0.036696076625797436,
"[31, 61]",-0.03684819107275511,
"[16, 19]",-0.03705832856151714,
"[16, 68]",-0.03705832856151714,
"[19, 68]",-0.03705832856151714,
"[7, 34]",-0.03716443533183059,
"[33, 68]",-0.03766584915166546,
"[9, 69]",-0.03773373432409577,
"[31, 52]",-0.037922320253524766,
"[2, 20]",-0.038005129644925806,
"[2, 59]",-0.038005129644925806,
"[20, 59]",-0.038005129644925806,
"[11, 47]",-0.03804446711297588,
"[47, 53]",-0.03851684605773659,
"[43, 59]",-0.03862900054738588,
"[30, 34]",-0.039547373503680705,
"[21, 36]",-0.0396176953822443,
"[29, 64]",-0.0405896730647482,
"[18, 29]",-0.04101710797216825,
"[10, 71]",-0.041241218982457195,
"[13, 44]",-0.04212825039720741,
"[9, 21]",-0.04283045452867845,
"[15, 54]",-0.042928759993078325,
"[15, 65]",-0.042928759993078325,
"[53, 55]",-0.04370765785836023,
"[20, 26]",-0.0441419034156475,
"[11, 51]",-0.045410939742595025,
"[21, 26]",-0.04566688442487593,
"[38, 60]",-0.04571569258369418,
"[1, 6]",-0.04588231655314623,
"[21, 53]",-0.046083864903118665,
"[38, 47]",-0.04614240210624415,
"[26, 70]",-0.04622631847220399,
"[1, 8]",-0.0463351674514646,
"[17, 20]",-0.04684887950217431,
"[47, 55]",-0.0471370398517017,
"[17, 37]",-0.047480541196604276,
"[17, 31]",-0.04750850047121147,
"[22, 39]",-0.04781436414802914,
"[12, 47]",-0.047965904639582946,
"[18, 44]",-0.0495612656470202,
"[18, 53]",-0.050266330017494955,
"[47, 57]",-0.05045249900322668,
"[10, 47]",-0.05045249900322668,
"[54, 67]",-0.05075060320941177,
"[43, 48]",-0.051085358997662145,
"[43, 61]",-0.051339801522927275,
"[1, 38]",-0.05137631449153707,
"[21, 45]",-0.05142850668529547,
"[3, 19]",-0.05146188095226367,
"[3, 45]",-0.05146188095226367,
"[19, 45]",-0.05146188095226367,
"[31, 45]",-0.05147332895313106,
"[6, 67]",-0.05150074896481627,
"[15, 38]",-0.05198122456049198,
"[16, 20]",-0.05331641568353557,
"[31, 58]",-0.05372898543944987,
"[8, 49]",-0.05377883713876852,
"[54, 60]",-0.054004671337379295,
"[43, 53]",-0.05429964714234575,
"[21, 39]",-0.05474569049129718,
"[43, 66]",-0.054912908061059806,
"[31, 56]",-0.05500630894957537,
"[15, 29]",-0.05566238700654613,
"[37, 51]",-0.05572620264158035,
"[65, 68]",-0.05636073883084236,
"[2, 33]",-0.0567864058577936,
"[43, 72]",-0.057036001367179644,
"[12, 15]",-0.057036239037840664,
"[26, 32]",-0.057745471508531376,
"[17, 71]",-0.05817401185131155,
"[42, 55]",-0.0583949494134412,
"[47, 48]",-0.059270630835482396,
"[36, 37]",-0.060070988214463494,
"[11, 65]",-0.0607812821728036,
"[20, 39]",-0.061202973138550665,
"[58, 72]",-0.06129489378408953,
"[16, 54]",-0.06162236283987704,
"[39, 49]",-0.06216203981699281,
"[9, 55]",-0.06222599805042306,
"[36, 47]",-0.062388151948716886,
"[36, 48]",-0.06246209221371468,
"[8, 29]",-0.06338067874522402,
"[1, 10]",-0.06441107613415797,
"[3, 55]",-0.06484511942270377,
"[9, 31]",-0.06485688892293556,
"[28, 54]",-0.06585540196448969,
"[43, 49]",-0.06670481732725703,
"[43, 52]",-0.06670481732725703,
"[49, 52]",-0.06670481732725703,
"[11, 49]",-0.06678429051708368,
"[34, 62]",-0.06715249276509194,
"[36, 39]",-0.06720986851916605,
"[11, 15]",-0.06723623765383258,
"[47, 59]",-0.06736134067600447,
"[41, 60]",-0.06762476442811471,
"[29, 39]",-0.06829779547380577,
"[46, 54]",-0.06836988009150646,
"[8, 23]",-0.06855340019187961,
"[8, 48]",-0.06855340019187961,
"[23, 48]",-0.06855340019187961,
"[43, 70]",-0.06869764051919452,
"[37, 65]",-0.06879638073110178,
"[17, 18]",-0.06879645942609397,
"[8, 19]",-0.06908850930705102,
"[15, 44]",-0.0694730064945937,
"[18, 52]",-0.06973885118039214,
"[36, 54]",-0.0699510846778848,
"[6, 8]",-0.0710505760626789,
"[6, 50]",-0.0710505760626789,
"[8, 50]",-0.0710505760626789,
"[10, 23]",-0.07131312961666936,
"[45, 46]",-0.0721031213073317,
"[47, 62]",-0.07266607531844449,
"[21, 42]",-0.0730908893168346,
"[37, 61]",-0.07326481977833998,
"[31, 69]",-0.07360445509498632,
"[25, 45]",-0.0737588094437987,
"[20, 68]",-0.0739323932195961,
"[32, 65]",-0.074497855769943,
"[14, 15]",-0.07452775248211219,
"[35, 37]",-0.07482515551579805,
"[30, 53]",-0.07483742998548909,
"[1, 2]",-0.07498222643488917,
"[52, 68]",-0.07499338355397428,
"[26, 47]",-0.07548421559724083,
"[32, 49]",-0.07564372552900545,
"[49, 59]",-0.07564372552900545,
"[8, 15]",-0.07596165114345899,
"[58, 60]",-0.07605174213560612,
"[10, 41]",-0.07624765820390045,
"[17, 21]",-0.07690639839455932,
"[27, 53]",-0.07805034902525648,
"[7, 63]",-0.07829035446334481,
"[14, 72]",-0.07834672848432844,
"[14, 36]",-0.07869158280079175,
"[17, 48]",-0.0789433756605985,
"[39, 72]",-0.0791279747485149,
"[23, 47]",-0.0791864783164438,
"[39, 57]",-0.07948334916352412,
"[8, 40]",-0.08002370119776103,
"[29, 61]",-0.08157440311626041,
"[2, 19]",-0.08205565978222784,
"[25, 68]",-0.08257856925326312,
"[32, 71]",-0.08260787343340054,
"[31, 57]",-0.08314887291727119,
"[58, 67]",-0.0833561304242999,
"[35, 53]",-0.08365307560616642,
"[29, 30]",-0.08398029907795318,
"[14, 70]",-0.08398743105783474,
"[7, 61]",-0.084005555067594,
"[8, 11]",-0.08407156453184639,
"[45, 54]",-0.08416071144867954,
"[18, 71]",-0.08427076283056079,
"[19, 67]",-0.0849365475017696,
"[8, 17]",-0.08513077859724316,
"[31, 36]",-0.08519231631678076,
"[2, 12]",-0.0853916377462825,
"[16, 23]",-0.08554351621154715,
"[8, 35]",-0.0858552615824173,
"[11, 54]",-0.08633991214017962,
"[18, 62]",-0.0863662496191629,
"[42, 72]",-0.08644222550964037,
"[40, 56]",-0.08652281880902712,
"[2, 7]",-0.08715601829058262,
"[39, 47]",-0.08761780658102153,
"[4, 71]",-0.08786841771944875,
"[36, 56]",-0.08814879500885237,
"[31, 68]",-0.08830589712769593,
"[10, 42]",-0.08874072253300114,
"[11, 23]",-0.08877743632199814,
"[11, 34]",-0.08877743632199814,
"[23, 34]",-0.08877743632199814,
"[8, 46]",-0.08960102538861614,
"[14, 59]",-0.09013258862313256,
"[19, 28]",-0.09022312265676236,
"[31, 34]",-0.09026791406665918,
"[9, 58]",-0.09095819353179424,
"[10, 15]",-0.09125024168034834,
"[69, 71]",-0.09136791738158007,
"[33, 47]",-0.09189573839728976,
"[43, 65]",-0.09214906985377669,
"[39, 46]",-0.09217010384937085,
"[43, 64]",-0.09221536268292037,
"[1, 12]",-0.09235266773577411,
"[41, 61]",-0.09238536728514868,
"[52, 54]",-0.0928279298725388,
"[5, 25]",-0.09292483254724276,
"[24, 46]",-0.0930129262137267,
"[2, 47]",-0.09322192205789986,
"[26, 31]",-0.0933281045075437,
"[51, 57]",-0.09353272431911214,
"[17, 23]",-0.09410064368429538,
"[8, 51]",-0.09426876018672775,
"[25, 71]",-0.09439371918669648,
"[32, 64]",-0.09491158976798197,
"[16, 35]",-0.0956723025257416,
"[16, 36]",-0.0956723025257416,
"[35, 36]",-0.0956723025257416,
"[38, 71]",-0.09575175027464711,
"[14, 20]",-0.09603058571161344,
"[54, 68]",-0.09622187904450946,
"[12, 72]",-0.09666317287845433,
"[9, 18]",-0.096919832057208,
"[6, 44]",-0.09767055634112465,
"[17, 22]",-0.09771898883719517,
"[6, 59]",-0.09810910608524803,
"[59, 64]",-0.09810910608524803,
"[6, 10]",-0.09820969196968776,
"[29, 53]",-0.09891426662455599,
"[44, 53]",-0.09891426662455599,
"[9, 63]",-0.09976378774325918,
"[31, 37]",-0.10007565898652232,
"[21, 52]",-0.10015842991403394,
"[19, 47]",-0.10018438627610238,
"[42, 52]",-0.10065602530684908,
"[40, 59]",-0.10121486593276474,
"[1, 40]",-0.10129017002580926,
"[5, 50]",-0.10146510209414544,
"[53, 59]",-0.10157407990465306,
"[24, 68]",-0.10304028216813865,
"[36, 67]",-0.10316634792851831,
"[45, 58]",-0.10339778126422206,
"[71, 72]",-0.10373136055080862,
"[32, 68]",-0.10374733847320827,
"[53, 56]",-0.10392939735956974,
"[30, 48]",-0.10421352655291477,
"[30, 70]",-0.10421352655291477,
"[48, 70]",-0.10421352655291477,
"[5, 35]",-0.10474982115064652,
"[59, 63]",-0.1048889285737491,
"[37, 66]",-0.10543016690075019,
"[41, 70]",-0.10721082651116381,
"[30, 46]",-0.10730241292438464,
"[32, 33]",-0.1078403937880464,
"[14, 63]",-0.10823752100292083,
"[4, 35]",-0.1085549041599923,
"[30, 47]",-0.1086388071124913,
"[20, 71]",-0.10956596008382828,
"[23, 26]",-0.10966552845610483,
"[6, 12]",-0.11010940328790847,
"[52, 59]",-0.1103856600828072,
"[47, 49]",-0.11115034140410307,
"[47, 70]",-0.11115034140410307,
"[49, 70]",-0.11115034140410307,
"[32, 50]",-0.11194382137654274,
"[50, 69]",-0.112227207435587,
"[62, 63]",-0.11247032130016876,
"[9, 40]",-0.11263336425109621,
"[18, 42]",-0.11272308631911021,
"[10, 39]",-0.11416636750873921,
"[10, 66]",-0.11416636750873921,
"[39, 66]",-0.11416636750873921,
"[8, 47]",-0.11609859020342267,
"[37, 70]",-0.11748671497166818,
"[48, 59]",-0.11755131922050262,
"[10, 33]",-0.11809741081087503,
"[42, 45]",-0.11830855672008572,
"[20, 36]",-0.11915965364458597,
"[17, 45]",-0.1198205892651752,
"[1, 18]",-0.11989705112975685,
"[11, 16]",-0.120071679414131,
"[15, 42]",-0.12016905196356503,
"[8, 68]",-0.12051362424572026,
"[48, 50]",-0.12085732436949043,
"[9, 51]",-0.12128750108319979,
"[54, 65]",-0.12136068756638467,
"[26, 43]",-0.1216644027845396,
"[14, 38]",-0.1220613380653724,
"[40, 47]",-0.12239796259132024,
"[40, 50]",-0.12239796259132024,
"[47, 50]",-0.12239796259132024,
"[47, 60]",-0.12272950850647263,
"[31, 50]",-0.1231179954184265,
"[8, 28]",-0.12319979856367036,
"[7, 47]",-0.12322682737920149,
"[17, 59]",-0.12399505275286915,
"[17, 72]",-0.12399505275286915,
"[59, 72]",-0.12399505275286915,
"[30, 67]",-0.12399506430679663,
"[6, 39]",-0.12457302373190332,
"[8, 66]",-0.12509659669497702,
"[5, 47]",-0.12511507930095278,
"[36, 61]",-0.12619364168561514,
"[47, 71]",-0.12621074061557402,
"[6, 20]",-0.1267721424981712,
"[7, 55]",-0.12679601705903054,
"[52, 58]",-0.1267987523811122,
"[52, 62]",-0.1267987523811122,
"[23, 38]",-0.12691351698462208,
"[24, 40]",-0.12693923991848738,
"[21, 44]",-0.1270299468673401,
"[40, 43]",-0.12713228232949042,
"[26, 27]",-0.12788927612371676,
"[31, 42]",-0.12832968249804133,
"[5, 33]",-0.1283997983574539,
"[5, 49]",-0.1283997983574539,
"[33, 49]",-0.1283997983574539,
"[44, 71]",-0.12857706107942285,
"[8, 39]",-0.12877038605201324,
"[8, 53]",-0.12877038605201324,
"[39, 53]",-0.12877038605201324,
"[3, 36]",-0.1292766713555345,
"[37, 48]",-0.1292866745922684,
"[10, 30]",-0.12979262468028857,
"[18, 31]",-0.13059467751841708,
"[15, 69]",-0.13090585870787935,
"[18, 23]",-0.131072083543872,
"[63, 68]",-0.1314850276189078,
"[38, 54]",-0.13155907364531666,
"[59, 69]",-0.13163053858463142,
"[7, 68]",-0.13163352169965953,
"[40, 52]",-0.13181127203737425,
"[6, 64]",-0.1318957392257769,
"[9, 53]",-0.1322208437134884,
"[30, 37]",-0.13237035923396867,
"[15, 21]",-0.13243952414689014,
"[9, 38]",-0.13316207968947963,
"[4, 21]",-0.13317638620985245,
"[63, 66]",-0.1333071293470927,
"[37, 59]",-0.1337507591498851,
"[22, 30]",-0.13376818550154257,
"[39, 71]",-0.13378717258541356,
"[9, 67]",-0.13411036965154965,
"[35, 39]",-0.1341615113734434,
"[35, 59]",-0.13423651726489538,
"[42, 59]",-0.13452072534533172,
"[4, 47]",-0.13453197280208484,
"[4, 61]",-0.13453197280208484,
"[47, 61]",-0.13453197280208484,
"[49, 65]",-0.13456694546473058,
"[7, 33]",-0.13466923840754547,
"[13, 40]",-0.13484706757922554,
"[18, 19]",-0.13499012044987624,
"[13, 61]",-0.13514367211756356,
"[1, 23]",-0.1357870335950097,
"[27, 42]",-0.13581888517973156,
"[15, 47]",-0.13643340633277634,
"[11, 19]",-0.1366961312909355,
"[25, 58]",-0.13682841260959105,
"[24, 50]",-0.13694255343555567,
"[13, 36]",-0.1373303378772323,
"[17, 67]",-0.13733400146413133,
"[6, 13]",-0.13742354330937562,
"[17, 34]",-0.13764651679371126,
"[59, 65]",-0.13809164519883152,
"[15, 27]",-0.13810454292902571,
"[15, 43]",-0.13839728714267724,
"[5, 8]",-0.13858242743260707,
"[19, 26]",-0.13927465442455728,
"[29, 33]",-0.1393771073831176,
"[24, 57]",-0.13976094681454082,
"[35, 43]",-0.13992242862963233,
"[45, 59]",-0.1399442032743476,
"[45, 65]",-0.1399442032743476,
"[36, 52]",-0.14005349456937116,
"[27, 47]",-0.14113030679743682,
"[30, 71]",-0.14116789706665134,
"[24, 38]",-0.14127519900015117,
"[21, 49]",-0.14133149859393407,
"[55, 60]",-0.14184397383461322,
"[8, 25]",-0.14198714004531554,
"[51, 52]",-0.1422362953193791,
"[9, 47]",-0.142622263415623,
"[9, 46]",-0.1428417287735515,
"[16, 62]",-0.14286826177656964,
"[4, 49]",-0.1429856034199719,
"[25, 49]",-0.1429856034199719,
"[50, 52]",-0.14315677725451215,
"[4, 36]",-0.14384043365433735,
"[4, 43]",-0.14384043365433735,
"[36, 43]",-0.14384043365433735,
"[1, 51]",-0.14458104394302346,
"[48, 51]",-0.1446220998297011,
"[47, 68]",-0.14560617665199554,
"[65, 67]",-0.1459255290396244,
"[12, 59]",-0.14615424834291063,
"[59, 68]",-0.1462194126593505,
"[2, 50]",-0.1466331636612639,
"[2, 61]",-0.1466331636612639,
"[50, 61]",-0.1466331636612639,
"[38, 39]",-0.14685505264552073,
"[36, 53]",-0.1469128921499625,
"[45, 47]",-0.14693236031260554,
"[9, 13]",-0.14741871646135152,
"[21, 28]",-0.14756751925594302,
"[55, 71]",-0.14874087201745753,
"[29, 71]",-0.14955126084457876,
"[14, 45]",-0.15175767114358119,
"[6, 25]",-0.15189303625504202,
"[16, 50]",-0.1522505259669224,
"[35, 44]",-0.1538325197949321,
"[9, 61]",-0.15391504634499972,
"[3, 31]",-0.15445154575294157,
"[12, 57]",-0.15522644206153297,
"[15, 22]",-0.15555980118335055,
"[11, 28]",-0.15617647447057842,
"[8, 24]",-0.15684640419513884,
"[55, 69]",-0.15691781458037152,
"[58, 61]",-0.15706113329381655,
"[18, 66]",-0.15715233375741794,
"[12, 29]",-0.15729251023469837,
"[12, 46]",-0.15729251023469837,
"[29, 46]",-0.15729251023469837,
"[7, 26]",-0.15772452341380572,
"[10, 24]",-0.15795603201072733,
"[10, 65]",-0.15795603201072733,
"[24, 65]",-0.15795603201072733,
"[22, 53]",-0.15809511381115088,
"[33, 60]",-0.15875436302238966,
"[53, 71]",-0.1595231142439868,
"[15, 55]",-0.15953693595265223,
"[34, 36]",-0.1610916793719826,
"[2, 28]",-0.16157531079162096,
"[41, 68]",-0.16209093877861974,
"[12, 23]",-0.16210544500378937,
"[63, 71]",-0.1631942980293436,
"[61, 70]",-0.16353528981759957,
"[8, 32]",-0.16362445298730827,
"[3, 4]",-0.1645269200948809,
"[1, 62]",-0.16467279157315595,
"[46, 63]",-0.16476552485678753,
"[7, 8]",-0.16482729149159958,
"[5, 52]",-0.16502441583744026,
"[21, 46]",-0.1651643166893339,
"[2, 24]",-0.16529690824530383,
"[21, 47]",-0.1664935693066033,
"[28, 52]",-0.16697414711266345,
"[17, 41]",-0.1670935090379231,
"[51, 71]",-0.16737583180457483,
"[12, 71]",-0.1674909318519523,
"[45, 71]",-0.16788618656127563,
"[23, 44]",-0.16808995554746775,
"[14, 65]",-0.16860179632673739,
"[26, 69]",-0.1687954104081439,
"[38, 67]",-0.16908970652268973,
"[11, 60]",-0.16919506250666838,
"[1, 32]",-0.169206350452198,
"[13, 32]",-0.16955554302419695,
"[7, 66]",-0.16956062738821498,
"[12, 34]",-0.16988040513707875,
"[11, 42]",-0.16989076237827289,
"[38, 50]",-0.17037507309631045,
"[15, 45]",-0.17073406997745671,
"[23, 24]",-0.1707794860414154,
"[30, 36]",-0.17090194060709132,
"[7, 40]",-0.17121550294714388,
"[7, 12]",-0.17180143699463252,
"[36, 51]",-0.172209133446728,
"[3, 48]",-0.17252080021546917,
"[21, 48]",-0.17265937242524837,
"[11, 44]",-0.1726908307614825,
"[53, 67]",-0.17332410663487063,
"[32, 52]",-0.17349734170497222,
"[35, 71]",-0.17357167838456622,
"[29, 54]",-0.17433381598698966,
"[7, 24]",-0.17443660400919161,
"[14, 68]",-0.17449694599955617,
"[45, 61]",-0.17455153513584676,
"[9, 68]",-0.17457776057420368,
"[22, 47]",-0.17466731425453008,
"[2, 5]",-0.17478915118484734,
"[40, 68]",-0.1748126521908714,
"[22, 38]",-0.17493683341011051,
"[10, 38]",-0.17498313551432587,
"[10, 40]",-0.17498313551432587,
"[38, 40]",-0.17498313551432587,
"[54, 59]",-0.17506313888886066,
"[7, 19]",-0.17519936117435508,
"[10, 43]",-0.1753060597454934,
"[15, 63]",-0.17591577510401218,
"[8, 55]",-0.17646707175141868,
"[8, 67]",-0.17646707175141868,
"[55, 67]",-0.17646707175141868,
"[9, 34]",-0.17677709212287435,
"[12, 32]",-0.17698055654131245,
"[12, 42]",-0.17698055654131245,
"[32, 42]",-0.17698055654131245,
"[18, 45]",-0.1776448148317883,
"[4, 54]",-0.17768867220852474,
"[8, 36]",-0.17807239909693245,
"[40, 48]",-0.1786121081936341,
"[36, 49]",-0.17893299635174997,
"[27, 59]",-0.1789693150308015,
"[48, 62]",-0.1794474061203925,
"[47, 67]",-0.17953437530260186,
"[30, 35]",-0.17972163105802047,
"[45, 63]",-0.17981355548502864,
"[60, 67]",-0.18005120886589487,
"[11, 17]",-0.18014847964793063,
"[20, 65]",-0.1810374382269968,
"[8, 33]",-0.1818482853697586,
"[20, 31]",-0.18188025238394756,
"[3, 15]",-0.1820318562255348,
"[22, 36]",-0.18290495881176877,
"[34, 57]",-0.18315036371013216,
"[4, 69]",-0.18338869233855465,
"[4, 38]",-0.18347799029465933,
"[13, 55]",-0.1837999682984084,
"[47, 72]",-0.18408420775566214,
"[13, 29]",-0.18408586682194483,
"[54, 57]",-0.18484754036014445,
"[15, 39]",-0.1852496909779362,
"[42, 47]",-0.18525849782041803,
"[3, 9]",-0.18577639972032362,
"[36, 50]",-0.18623886090119568,
"[4, 5]",-0.18637508970469685,
"[4, 42]",-0.18637508970469685,
"[5, 42]",-0.18637508970469685,
"[4, 53]",-0.18663680809830607,
"[52, 70]",-0.18672228986267503,
"[13, 39]",-0.18698276211090709,
"[32, 46]",-0.1879103673246551,
"[7, 64]",-0.18802925335514087,
"[64, 71]",-0.18835003156973074,
"[24, 43]",-0.18868979453844237,
"[30, 63]",-0.18877050497164827,
"[24, 35]",-0.18941619269862764,
"[46, 70]",-0.18990505894884446,
"[13, 52]",-0.19024634041886956,
"[20, 55]",-0.1902751818846895,
"[33, 59]",-0.19036338350089516,
"[9, 17]",-0.19042765291289965,
"[18, 24]",-0.1906831352680119,
"[5, 22]",-0.1911379323366233,
"[5, 69]",-0.1911379323366233,
"[22, 69]",-0.1911379323366233,
"[24, 55]",-0.19115436330649965,
"[21, 25]",-0.19189121940149573,
"[14, 40]",-0.1919154291776664,
"[18, 64]",-0.19217672648195694,
"[48, 66]",-0.19254673004148098,
"[34, 56]",-0.19280033508782524,
"[28, 68]",-0.1928010127565693,
"[24, 29]",-0.1928663580093441,
"[20, 41]",-0.19287266587573332,
"[43, 50]",-0.1935509419561937,
"[17, 69]",-0.19379812862478984,
"[50, 67]",-0.19449060996340573,
"[39, 56]",-0.19451891672996197,
"[23, 54]",-0.19468461247039176,
"[23, 65]",-0.19472531416245187,
"[23, 71]",-0.19472531416245187,
"[65, 71]",-0.19472531416245187,
"[43, 45]",-0.1948279700616966,
"[36, 42]",-0.19533179406380063,
"[7, 20]",-0.19590416227675805,
"[7, 25]",-0.19590416227675805,
"[20, 25]",-0.19590416227675805,
"[5, 21]",-0.1960650109213749,
"[5, 57]",-0.1960650109213749,
"[21, 57]",-0.1960650109213749,
"[24, 70]",-0.1961123495516815,
"[19, 58]",-0.19621846254783099,
"[9, 60]",-0.19683593784798736,
"[4, 8]",-0.19762109220404966,
"[29, 67]",-0.19763357507995377,
"[58, 62]",-0.1978300056854789,
"[26, 54]",-0.19807856164236243,
"[43, 67]",-0.19811999622654752,
"[28, 47]",-0.19819984907761162,
"[42, 44]",-0.1982412108270461,
"[45, 55]",-0.19825137895881567,
"[19, 54]",-0.19843556967187173,
"[17, 52]",-0.19848856295086648,
"[40, 71]",-0.19852855021375065,
"[16, 17]",-0.19866615664802098,
"[33, 54]",-0.19869316527844738,
"[39, 59]",-0.19933061065554694,
"[2, 65]",-0.19942712626123116,
"[44, 59]",-0.1995229167361196,
"[41, 69]",-0.20010815803607065,
"[35, 58]",-0.2002975609814604,
"[38, 63]",-0.2005606122505414,
"[25, 40]",-0.20073006858759707,
"[29, 31]",-0.20174860353420854,
"[12, 35]",-0.2025143166370842,
"[38, 58]",-0.20274781082644355,
"[9, 66]",-0.20304556348605923,
"[67, 72]",-0.20317926338821862,
"[53, 54]",-0.20324275872184577,
"[31, 62]",-0.20343919769778612,
"[8, 13]",-0.20345435192886857,
"[34, 71]",-0.2034782030669191,
"[11, 22]",-0.20398507385361536,
"[34, 53]",-0.2044538787619995,
"[21, 63]",-0.20488316382920052,
"[15, 28]",-0.20505783035028724,
"[3, 47]",-0.20517392607439558,
"[13, 30]",-0.20553272284501223,
"[13, 14]",-0.20572566273673626,
"[32, 36]",-0.2059449129349663,
"[19, 46]",-0.20607264657361413,
"[3, 17]",-0.2063354802587795,
"[23, 46]",-0.2063809072557652,
"[31, 63]",-0.20640965453018734,
"[32, 63]",-0.2064769040886134,
"[8, 65]",-0.20678992161112386,
"[9, 30]",-0.206907174040183,
"[18, 65]",-0.20696570551656013,
"[39, 69]",-0.20739070017276257,
"[35, 50]",-0.20764988147481844,
"[10, 29]",-0.2076774500400269,
"[3, 62]",-0.20777104895481557,
"[42, 62]",-0.207816551168783,
"[34, 49]",-0.20801508904131533,
"[61, 63]",-0.2081965743462486,
"[12, 18]",-0.20825321247369477,
"[4, 19]",-0.20877765081860775,
"[21, 37]",-0.20943291343684756,
"[2, 62]",-0.20993697458333027,
"[10, 55]",-0.2101661574197108,
"[14, 26]",-0.21035295486430344,
"[6, 23]",-0.2115048809044302,
"[6, 57]",-0.2115048809044302,
"[23, 57]",-0.2115048809044302,
"[33, 50]",-0.21176968088438114,
"[33, 62]",-0.21176968088438114,
"[50, 62]",-0.21176968088438114,
"[20, 21]",-0.21186963209709275,
"[47, 58]",-0.21277680877807592,
"[50, 71]",-0.21309270316607898,
"[65, 72]",-0.2131425321868124,
"[3, 68]",-0.21323736960825507,
"[33, 43]",-0.21403795064022596,
"[62, 65]",-0.2142688258403596,
"[12, 43]",-0.21468944902994558,
"[43, 58]",-0.21468944902994558,
"[1, 71]",-0.2148518696209445,
"[27, 39]",-0.21516346986169138,
"[7, 42]",-0.2159771817032593,
"[22, 43]",-0.21630461520930427,
"[5, 61]",-0.21643026907168122,
"[38, 53]",-0.21691077276294296,
"[9, 23]",-0.21691436721093355,
"[43, 68]",-0.21860700491057977,
"[10, 13]",-0.21891995465243516,
"[38, 59]",-0.2197084716435581,
"[36, 65]",-0.2197111923315514,
"[12, 38]",-0.22005409694156886,
"[13, 47]",-0.22064606878151247,
"[34, 47]",-0.2211986453067666,
"[28, 39]",-0.22169208279890457,
"[18, 34]",-0.22182220072130443,
"[45, 64]",-0.22271683291768962,
"[36, 60]",-0.22292396720072238,
"[44, 51]",-0.22293959843673622,
"[5, 15]",-0.2231639431375083,
"[57, 69]",-0.223694726204693,
"[29, 43]",-0.22396349969812612,
"[24, 59]",-0.22397386175738726,
"[62, 70]",-0.22398797572925658,
"[5, 51]",-0.22431359480728374,
"[28, 53]",-0.22431854371184412,
"[9, 37]",-0.22444428628136603,
"[9, 54]",-0.22444428628136603,
"[37, 54]",-0.22444428628136603,
"[46, 55]",-0.2245231911277245,
"[30, 55]",-0.2245421278431748,
"[26, 64]",-0.22468629487489022,
"[11, 66]",-0.22479867829301559,
"[18, 25]",-0.22483796896110197,
"[18, 38]",-0.22483796896110197,
"[3, 8]",-0.22575056506100472,
"[24, 36]",-0.22604814511243398,
"[38, 42]",-0.22649705584178975,
"[43, 56]",-0.22725805076959643,
"[40, 46]",-0.2272738592083084,
"[39, 70]",-0.2275034515647789,
"[7, 50]",-0.22759337943743596,
"[45, 70]",-0.22785697651227083,
"[29, 47]",-0.2284926554401217,
"[33, 61]",-0.22924127783492593,
"[14, 22]",-0.22998933618520406,
"[11, 27]",-0.230994041558498,
"[39, 65]",-0.23103669611141503,
"[23, 70]",-0.23104101904252244,
"[15, 23]",-0.23150997737988765,
"[19, 20]",-0.23193068300046046,
"[3, 54]",-0.2324269196391906,
"[34, 70]",-0.2330413867304999,
"[32, 51]",-0.23332085398224905,
"[54, 69]",-0.23336985863615,
"[9, 52]",-0.23361204909735528,
"[6, 15]",-0.2336889075950601,
"[40, 62]",-0.23392876616072383,
"[38, 52]",-0.23421705887806826,
"[15, 71]",-0.23479312181379497,
"[6, 68]",-0.2351184692269127,
"[17, 27]",-0.23516639201171374,
"[61, 68]",-0.23532859747106327,
"[22, 29]",-0.2357057388424912,
"[53, 68]",-0.236419455437887,
"[12, 60]",-0.23698813469043328,
"[39, 64]",-0.23711688349153898,
"[47, 63]",-0.23761016810681562,
"[3, 20]",-0.23817441380553223,
"[3, 44]",-0.23817441380553223,
"[20, 44]",-0.23817441380553223,
"[21, 38]",-0.23820003044414373,
"[56, 72]",-0.23837991642507234,
"[30, 32]",-0.23864574513720055,
"[30, 66]",-0.23864574513720055,
"[32, 66]",-0.23864574513720055,
"[43, 57]",-0.23891669106179264,
"[32, 54]",-0.23928981215432588,
"[30, 40]",-0.24060963656982753,
"[4, 22]",-0.24103605549204854,
"[16, 58]",-0.24122406487921455,
"[24, 69]",-0.2413867901153433,
"[12, 51]",-0.24151278363623374,
"[4, 18]",-0.24213337820272196,
"[34, 65]",-0.24215475134661324,
"[30, 54]",-0.24219723052199138,
"[7, 32]",-0.24219942726088584,
"[11, 72]",-0.2428645032980652,
"[26, 38]",-0.24322036055366825,
"[30, 60]",-0.2437247757156749,
"[35, 47]",-0.24473840528259438,
"[62, 71]",-0.24475839430329738,
"[2, 63]",-0.2453004823949751,
"[34, 50]",-0.24592057659310596,
"[29, 38]",-0.24608211888626913,
"[29, 56]",-0.24608211888626913,
"[38, 56]",-0.24608211888626913,
"[42, 58]",-0.24620744012344492,
"[14, 35]",-0.246447579920282,
"[64, 69]",-0.24711304411265717,
"[63, 67]",-0.2472003713816432,
"[3, 35]",-0.24848761834760147,
"[5, 12]",-0.24853109400329532,
"[26, 55]",-0.2487256384230983,
"[19, 22]",-0.24882308713457818,
"[41, 72]",-0.2489229447343982,
"[50, 55]",-0.24896315977356948,
"[33, 36]",-0.24905346570981624,
"[25, 72]",-0.2494883633833151,
"[40, 49]",-0.2501650843573871,
"[11, 25]",-0.25024167865869185,
"[14, 55]",-0.25035605686041873,
"[1, 16]",-0.25087812602765297,
"[1, 59]",-0.25087812602765297,
"[16, 59]",-0.25087812602765297,
"[5, 70]",-0.25206947083471726,
"[7, 53]",-0.25228203876705013,
"[55, 61]",-0.2531560465573076,
"[10, 72]",-0.2531912216172225,
"[23, 72]",-0.2531912216172225,
"[36, 63]",-0.25325328024186655,
"[12, 20]",-0.25341478576486065,
"[11, 12]",-0.25380415681775725,
"[33, 53]",-0.25387836385095575,
"[17, 36]",-0.25397991140135723,
"[34, 43]",-0.2547093023582021,
"[14, 61]",-0.2549578117229468,
"[1, 4]",-0.2550383878090191,
"[1, 66]",-0.2550383878090191,
"[4, 66]",-0.2550383878090191,
"[3, 43]",-0.25607434672353546,
"[14, 67]",-0.2562512065332375,
"[9, 24]",-0.2567124813593802,
"[1, 49]",-0.25692391743859894,
"[27, 32]",-0.25698348624744166,
"[28, 49]",-0.2570033906284256,
"[23, 55]",-0.258426511014627,
"[12, 50]",-0.2584353053475954,
"[19, 60]",-0.25858517540696296,
"[31, 55]",-0.25911350948491474,
"[22, 72]",-0.2594138438805195,
"[62, 66]",-0.2597532640391683,
"[28, 59]",-0.26006759502685517,
"[5, 58]",-0.26011703252314483,
"[26, 30]",-0.2608197523883822,
"[38, 66]",-0.26105956699054045,
"[43, 69]",-0.2614084186186744,
"[63, 70]",-0.26225464851429553,
"[32, 59]",-0.262393713477777,
"[56, 65]",-0.26287993359326883,
"[62, 69]",-0.2631488188557561,
"[35, 48]",-0.2633365864404414,
"[2, 45]",-0.263466964628826,
"[51, 66]",-0.26366815633415447,
"[51, 69]",-0.26366815633415447,
"[66, 69]",-0.26366815633415447,
"[32, 37]",-0.2643052010086497,
"[4, 46]",-0.2647066573909766,
"[27, 49]",-0.26491309530345647,
"[34, 60]",-0.26492301281885144,
"[43, 62]",-0.26498152515680695,
"[47, 65]",-0.2652942520220497,
"[26, 71]",-0.26549949361267905,
"[35, 70]",-0.2655166070056822,
"[25, 51]",-0.2671278830022438,
"[25, 65]",-0.2671278830022438,
"[51, 65]",-0.2671278830022438,
"[1, 67]",-0.2673801223147743,
"[4, 39]",-0.267490281515404,
"[13, 34]",-0.26827816525842224,
"[31, 51]",-0.2683460537206759,
"[6, 62]",-0.26875018588069094,
"[43, 54]",-0.26955057942716076,
"[46, 69]",-0.2698034195311808,
"[12, 28]",-0.2699897806979602,
"[40, 63]",-0.27023436671163875,
"[16, 22]",-0.27144060627429684,
"[9, 71]",-0.2718715942575928,
"[28, 70]",-0.2720812217953009,
"[32, 62]",-0.2724152186721072,
"[37, 56]",-0.2725300388555556,
"[22, 24]",-0.27254636958042444,
"[22, 49]",-0.27254636958042444,
"[24, 49]",-0.27254636958042444,
"[17, 28]",-0.27290807060122646,
"[29, 58]",-0.2730086112536611,
"[29, 70]",-0.2739700264000261,
"[35, 66]",-0.2741791496473726,
"[23, 42]",-0.2742589891261748,
"[16, 37]",-0.27473096484406084,
"[10, 62]",-0.27491474343877126,
"[61, 69]",-0.2749961865402231,
"[47, 56]",-0.2750748565190486,
"[1, 34]",-0.27570278210487076,
"[31, 47]",-0.27590372130692986,
"[39, 58]",-0.2761318988720802,
"[1, 47]",-0.2762352672220823,
"[13, 23]",-0.2765187854804265,
"[13, 51]",-0.2765187854804265,
"[23, 51]",-0.2765187854804265,
"[7, 10]",-0.27685110762787624,
"[28, 69]",-0.27713959096096236,
"[7, 46]",-0.27824798311485305,
"[7, 62]",-0.27824798311485305,
"[53, 69]",-0.2783908892231019,
"[26, 29]",-0.27875676194933874,
"[28, 31]",-0.2791823938932488,
"[29, 40]",-0.2794010822552234,
"[6, 69]",-0.27940158669189535,
"[24, 25]",-0.279448662210202,
"[16, 33]",-0.2797318760869044,
"[4, 57]",-0.2804232918576475,
"[31, 64]",-0.28056477230290866,
"[32, 53]",-0.2808977159665976,
"[3, 11]",-0.28097009458959543,
"[3, 63]",-0.28097009458959543,
"[11, 63]",-0.28097009458959543,
"[67, 68]",-0.2810470961249144,
"[42, 66]",-0.28134878328921437,
"[4, 15]",-0.2815404274130612,
"[30, 45]",-0.2822655916317043,
"[33, 63]",-0.28268976484723063,
"[2, 64]",-0.28383193177680266,
"[19, 64]",-0.2840312360201246,
"[35, 56]",-0.2840684061193495,
"[32, 67]",-0.28462272778523345,
"[3, 10]",-0.28474360619271877,
"[13, 33]",-0.28480221402679173,
"[25, 47]",-0.2848554610160475,
"[51, 72]",-0.2848566424776799,
"[30, 38]",-0.28611655367480804,
"[41, 47]",-0.2863723575622018,
"[5, 37]",-0.28639478497515297,
"[27, 66]",-0.28655341426489295,
"[11, 26]",-0.2868634593995681,
"[18, 43]",-0.2872753927892386,
"[52, 56]",-0.28734003119720053,
"[3, 26]",-0.28738640888829203,
"[44, 72]",-0.2876641780517103,
"[6, 56]",-0.28788025913850035,
"[65, 66]",-0.2882153448890497,
"[5, 28]",-0.2885209215837006,
"[38, 65]",-0.28861451696581447,
"[63, 64]",-0.2888507475594542,
"[61, 62]",-0.2895763938471785,
"[20, 34]",-0.289940548046988,
"[20, 52]",-0.289940548046988,
"[34, 52]",-0.289940548046988,
"[3, 39]",-0.28994555271038425,
"[48, 67]",-0.2899595524927493,
"[23, 30]",-0.2900894617256519,
"[23, 63]",-0.2900894617256519,
"[5, 65]",-0.2906649197486043,
"[35, 51]",-0.29076626590833604,
"[58, 65]",-0.29108454879384665,
"[14, 43]",-0.2913480518832192,
"[45, 49]",-0.29149361346204383,
"[42, 46]",-0.2921029576351498,
"[22, 44]",-0.29226505326572505,
"[12, 63]",-0.2926670577234192,
"[6, 26]",-0.29282349563103943,
"[10, 34]",-0.2928925781254954,
"[1, 48]",-0.29302260827851734,
"[32, 38]",-0.29328358209497896,
"[56, 71]",-0.293584522191415,
"[18, 63]",-0.2935951361711926,
"[45, 48]",-0.29372185831915754,
"[37, 72]",-0.2937495839997352,
"[28, 46]",-0.29421158689506965,
"[39, 62]",-0.2944787931683695,
"[21, 66]",-0.2947861557378391,
"[5, 71]",-0.2954277623805308,
"[22, 45]",-0.29554527698975624,
"[61, 65]",-0.29604089002890044,
"[42, 70]",-0.2972328721824093,
"[12, 55]",-0.2977507452870614,
"[6, 55]",-0.2977842673091214,
"[20, 69]",-0.2978419795137052,
"[43, 47]",-0.29795152466457137,
"[24, 47]",-0.29844884353730017,
"[4, 70]",-0.29859339709920485,
"[3, 40]",-0.29931847558347013,
"[55, 56]",-0.2994374192378521,
"[17, 50]",-0.29964516141810443,
"[51, 68]",-0.2997432167111408,
"[4, 60]",-0.2999061929985563,
"[4, 62]",-0.2999061929985563,
"[60, 62]",-0.2999061929985563,
"[21, 69]",-0.29998538393444446,
"[43, 60]",-0.30023733965070515,
"[22, 34]",-0.300615902245357,
"[5, 59]",-0.30075812700166155,
"[13, 27]",-0.30106624808603166,
"[4, 30]",-0.30114293320306906,
"[22, 48]",-0.30170781444632266,
"[9, 72]",-0.3017748603333505,
"[40, 55]",-0.30225332163938384,
"[32, 55]",-0.30265727339554466,
"[12, 22]",-0.3029061539274295,
"[12, 25]",-0.3029061539274295,
"[22, 25]",-0.3029061539274295,
"[34, 66]",-0.3037920013110359,
"[7, 28]",-0.3041337725661747,
"[18, 33]",-0.30497981670291474,
"[24, 66]",-0.30528498918241737,
"[61, 66]",-0.30551241700245146,
"[17, 51]",-0.3058202645756304,
"[5, 17]",-0.30610309931415913,
"[4, 11]",-0.3063134385523337,
"[26, 39]",-0.30636844370122174,
"[46, 71]",-0.3067179279132226,
"[28, 43]",-0.3069061479742776,
"[50, 65]",-0.3072357602793018,
"[10, 28]",-0.3076357204500942,
"[53, 63]",-0.3091117252523061,
"[24, 61]",-0.3093613144699321,
"[14, 62]",-0.30973616315873836,
"[32, 39]",-0.3100359663563906,
"[38, 51]",-0.31058986821010426,
"[38, 48]",-0.3110827948002825,
"[33, 37]",-0.31137696099797413,
"[7, 51]",-0.31188074267290383,
"[4, 45]",-0.31207578134203157,
"[24, 32]",-0.31208794289574826,
"[16, 29]",-0.31258843334208497,
"[29, 68]",-0.31280209110639673,
"[68, 70]",-0.31280209110639673,
"[39, 60]",-0.313155531071749,
"[35, 68]",-0.3135043925721754,
"[16, 26]",-0.31377235428235484,
"[15, 66]",-0.31485690828235324,
"[18, 35]",-0.31583900077955385,
"[54, 58]",-0.3158778831113355,
"[3, 23]",-0.31606010305680937,
"[3, 52]",-0.31606010305680937,
"[23, 52]",-0.31606010305680937,
"[29, 44]",-0.316324198277118,
"[17, 65]",-0.31677638562643384,
"[35, 62]",-0.3167893055900554,
"[6, 22]",-0.3169143405669308,
"[1, 42]",-0.31696821465919317,
"[6, 65]",-0.31722714130958174,
"[25, 46]",-0.3178831045472746,
"[17, 64]",-0.31823028265290715,
"[48, 64]",-0.3184020429983657,
"[32, 35]",-0.31988959072643863,
"[10, 18]",-0.3206637011600426,
"[22, 52]",-0.32089840326775987,
"[5, 39]",-0.32104857102123874,
"[5, 48]",-0.32104857102123874,
"[39, 48]",-0.32104857102123874,
"[2, 22]",-0.32107949702688854,
"[11, 36]",-0.32178159773765136,
"[16, 51]",-0.3227172196562794,
"[11, 53]",-0.32279370668464236,
"[1, 52]",-0.3248400978649877,
"[24, 45]",-0.32522206442624757,
"[5, 34]",-0.32581141365316524,
"[44, 69]",-0.3259973398069366,
"[13, 65]",-0.32609624286896505,
"[5, 43]",-0.32613988555881535,
"[2, 34]",-0.3262310799661679,
"[34, 68]",-0.326739316157166,
"[22, 71]",-0.32687449731900364,
"[17, 55]",-0.3272276239939939,
"[4, 68]",-0.32735255216452097,
"[37, 69]",-0.3273546005443024,
"[28, 62]",-0.3274800917923043,
"[25, 70]",-0.3282100563728523,
"[4, 51]",-0.32866384742494276,
"[28, 30]",-0.32893923674393744,
"[20, 62]",-0.32931398899259823,
"[14, 64]",-0.32942195889075687,
"[17, 63]",-0.32959911130191094,
"[22, 66]",-0.3310396537789614,
"[28, 72]",-0.331127954171387,
"[16, 46]",-0.3317806405867505,
"[13, 17]",-0.33191805832007054,
"[23, 31]",-0.3322262312530969,
"[16, 60]",-0.3324448642465277,
"[9, 50]",-0.33274793089213467,
"[20, 43]",-0.3331103090211714,
"[20, 63]",-0.3331103090211714,
"[43, 63]",-0.3331103090211714,
"[23, 60]",-0.33328002006227353,
"[11, 13]",-0.33365205947721854,
"[60, 72]",-0.33374560546482274,
"[13, 24]",-0.3344546382604665,
"[13, 25]",-0.33452416079154706,
"[13, 42]",-0.33452416079154706,
"[25, 42]",-0.33452416079154706,
"[61, 67]",-0.33509321350042426,
"[4, 44]",-0.3357592332707433,
"[56, 69]",-0.3358978560830784,
"[13, 18]",-0.3358992636199519,
"[29, 32]",-0.3360021726149042,
"[48, 69]",-0.33624279505178517,
"[67, 69]",-0.336300860266736,
"[3, 60]",-0.3364994702557033,
"[23, 64]",-0.3366287884844413,
"[48, 60]",-0.33743859644044405,
"[64, 65]",-0.33777736126591096,
"[10, 26]",-0.3389270544909271,
"[1, 68]",-0.33925694596877115,
"[34, 41]",-0.3398810722075583,
"[3, 14]",-0.34003504497625603,
"[30, 65]",-0.340036293515834,
"[14, 29]",-0.3403552623977731,
"[3, 24]",-0.34064999902683946,
"[24, 67]",-0.34093189395049356,
"[17, 56]",-0.34096432144817773,
"[15, 48]",-0.3410614902675636,
"[59, 60]",-0.3410991417128214,
"[15, 46]",-0.34110919977400667,
"[41, 43]",-0.34125246982965773,
"[27, 30]",-0.3412886476945066,
"[55, 66]",-0.3414389332996268,
"[6, 34]",-0.34208260007646346,
"[3, 22]",-0.3420863730858058,
"[47, 64]",-0.3423786772950071,
"[13, 54]",-0.3423804602499848,
"[13, 59]",-0.3427105144684488,
"[9, 29]",-0.342766041850688,
"[29, 52]",-0.342766041850688,
"[17, 35]",-0.34278273818200017,
"[1, 31]",-0.34303330780672314,
"[18, 55]",-0.34341745495304676,
"[65, 69]",-0.34345758069959287,
"[2, 27]",-0.3442651137670801,
"[6, 28]",-0.34455208772641166,
"[28, 67]",-0.3448439167167382,
"[21, 35]",-0.3453458765454008,
"[46, 62]",-0.34564133049404566,
"[33, 65]",-0.346604953660573,
"[52, 53]",-0.34679346086584417,
"[38, 62]",-0.34689011817095206,
"[22, 59]",-0.34697590458227795,
"[4, 17]",-0.34702327061409727,
"[12, 24]",-0.34727634515651995,
"[12, 39]",-0.34727634515651995,
"[24, 39]",-0.34727634515651995,
"[1, 17]",-0.3483314978451587,
"[59, 70]",-0.34842714210998404,
"[38, 43]",-0.348433753191247,
"[9, 35]",-0.34905008378450875,
"[13, 15]",-0.3498357877636714,
"[10, 44]",-0.350330250492641,
"[9, 42]",-0.35058254583659937,
"[15, 64]",-0.35066465255155266,
"[25, 43]",-0.350832395910934,
"[20, 40]",-0.3510708619952075,
"[27, 50]",-0.35107512804780466,
"[18, 61]",-0.3512720988019491,
"[9, 20]",-0.3513615628560287,
"[1, 53]",-0.3518771446216512,
"[27, 51]",-0.35230166961384324,
"[26, 62]",-0.3523500551994021,
"[15, 70]",-0.3525271911737821,
"[26, 58]",-0.3526713445522093,
"[36, 68]",-0.35279245637338497,
"[29, 59]",-0.35368734959777004,
"[28, 71]",-0.35389061541686345,
"[26, 68]",-0.35391252679893664,
"[15, 35]",-0.354185648622243,
"[35, 64]",-0.3544318235183234,
"[28, 32]",-0.35447427339751664,
"[25, 32]",-0.3554918916593303,
"[16, 34]",-0.35604809165732904,
"[27, 72]",-0.3562389756541632,
"[60, 70]",-0.3564667060667214,
"[43, 44]",-0.35676368116927903,
"[44, 45]",-0.35676368116927903,
"[20, 67]",-0.3576452597840157,
"[2, 66]",-0.3592102298930045,
"[20, 29]",-0.3595813071796508,
"[5, 32]",-0.35964401993512574,
"[11, 62]",-0.3597190622783083,
"[5, 38]",-0.36013672779360095,
"[20, 46]",-0.3601461828626942,
"[17, 60]",-0.3601680612104096,
"[7, 70]",-0.36041685328967005,
"[15, 57]",-0.360708991024371,
"[25, 69]",-0.361094380594902,
"[9, 44]",-0.3613348902964532,
"[17, 62]",-0.36162675025655433,
"[4, 24]",-0.3622854544872223,
"[40, 65]",-0.36317579419127044,
"[4, 26]",-0.3632776182573909,
"[46, 72]",-0.3634768910402061,
"[22, 32]",-0.36390494289772024,
"[56, 62]",-0.36421752319906964,
"[5, 67]",-0.3644068625670523,
"[34, 46]",-0.36459567338514515,
"[24, 56]",-0.36571271720707277,
"[28, 64]",-0.3658556040202549,
"[44, 50]",-0.36597865667555046,
"[42, 43]",-0.3663904920019924,
"[4, 40]",-0.36677294343499794,
"[41, 71]",-0.36707698956599416,
"[28, 45]",-0.36750930163210577,
"[20, 56]",-0.3691196572998621,
"[20, 64]",-0.3691196572998621,
"[56, 64]",-0.3691196572998621,
"[25, 37]",-0.36930396834207635,
"[51, 62]",-0.36966010554764495,
"[47, 54]",-0.3705600800829699,
"[59, 62]",-0.3708819097483457,
"[26, 50]",-0.3710167235846079,
"[32, 61]",-0.3716575225137839,
"[28, 44]",-0.37188673648700493,
"[44, 46]",-0.37200131821748617,
"[3, 46]",-0.37233517001468724,
"[45, 66]",-0.3726671887344607,
"[5, 30]",-0.3728633872050477,
"[5, 56]",-0.3728633872050477,
"[30, 56]",-0.3728633872050477,
"[34, 61]",-0.37297018616269084,
"[52, 55]",-0.3732042453267286,
"[40, 42]",-0.3735360828619839,
"[14, 28]",-0.3740268157494002,
"[5, 10]",-0.3743415107804732,
"[22, 27]",-0.37454604355942467,
"[31, 44]",-0.3746724472219439,
"[19, 51]",-0.3750643394031139,
"[26, 53]",-0.3753884524745976,
"[3, 33]",-0.37589990066576423,
"[20, 48]",-0.3760674797570436,
"[54, 62]",-0.3761101708659843,
"[6, 11]",-0.37625564335306283,
"[7, 52]",-0.3764057341502996,
"[4, 13]",-0.3765204873362288,
"[55, 62]",-0.3765462585045447,
"[42, 51]",-0.37696104173017897,
"[40, 64]",-0.37716505554129215,
"[5, 31]",-0.37721726688740614,
"[5, 68]",-0.37762622983697425,
"[4, 65]",-0.37775722754074154,
"[8, 27]",-0.3781407506753729,
"[3, 70]",-0.37844200108012166,
"[22, 70]",-0.378878768700133,
"[57, 66]",-0.3793065249958851,
"[18, 50]",-0.3793781021787325,
"[3, 34]",-0.3793844699658069,
"[23, 59]",-0.37953619351186285,
"[1, 3]",-0.3799490567179376,
"[16, 25]",-0.38012065490085345,
"[24, 37]",-0.38053016010843493,
"[35, 42]",-0.3805977219783812,
"[10, 36]",-0.3811593468733681,
"[15, 26]",-0.381191989540704,
"[52, 61]",-0.3812440343612501,
"[35, 65]",-0.38137556092076974,
"[11, 40]",-0.38190775875953364,
"[33, 40]",-0.3823537019775485,
"[35, 46]",-0.3825070760384605,
"[3, 13]",-0.38395954220949746,
"[15, 31]",-0.3844687352056751,
"[14, 19]",-0.3847325652595462,
"[1, 45]",-0.38562099057952076,
"[13, 68]",-0.3863698232461976,
"[13, 71]",-0.3863698232461976,
"[68, 71]",-0.3863698232461976,
"[7, 30]",-0.3864394382012878,
"[9, 15]",-0.3866625745123091,
"[17, 43]",-0.3874094067705613,
"[1, 56]",-0.38748642061297495,
"[28, 65]",-0.38764550196464254,
"[17, 24]",-0.38769224150909004,
"[32, 44]",-0.3878191726168762,
"[32, 47]",-0.3878191726168762,
"[44, 47]",-0.3878191726168762,
"[42, 54]",-0.38794853951883396,
"[1, 50]",-0.38875589642352765,
"[5, 14]",-0.3890422554908099,
"[8, 61]",-0.3890837601794691,
"[3, 5]",-0.3898634352549352,
"[44, 52]",-0.38997298180887463,
"[56, 68]",-0.39086115342196487,
"[33, 52]",-0.3909509076516496,
"[16, 30]",-0.3916213981677276,
"[13, 69]",-0.39201285363838756,
"[25, 67]",-0.392108612983926,
"[56, 58]",-0.3934822200186656,
"[13, 48]",-0.39352238683644,
"[13, 58]",-0.39352238683644,
"[48, 58]",-0.39352238683644,
"[16, 42]",-0.3941551715609597,
"[52, 71]",-0.3942710361485931,
"[23, 39]",-0.394953257850965,
"[25, 28]",-0.39605990451906004,
"[4, 25]",-0.3975937639573395,
"[27, 55]",-0.3979049507929893,
"[13, 38]",-0.39840403849841594,
"[52, 69]",-0.3991931301836465,
"[33, 46]",-0.4000534406728777,
"[38, 64]",-0.40060927752082565,
"[51, 54]",-0.4010847119643891,
"[5, 20]",-0.4012705301305928,
"[46, 65]",-0.40182821813559644,
"[3, 41]",-0.4021558410123757,
"[27, 62]",-0.4023329543189721,
"[22, 55]",-0.4027527823938859,
"[16, 43]",-0.4028233932025824,
"[1, 7]",-0.4028848550776144,
"[18, 26]",-0.40459140149978273,
"[3, 69]",-0.4054667156776486,
"[7, 13]",-0.4054691887808149,
"[7, 22]",-0.4054691887808149,
"[13, 22]",-0.4054691887808149,
"[30, 64]",-0.40605378610383186,
"[45, 62]",-0.4062031584595085,
"[1, 54]",-0.40626528527924677,
"[32, 69]",-0.4065132813338363,
"[17, 29]",-0.40726150758839086,
"[15, 61]",-0.4081213934496576,
"[28, 35]",-0.4081708076176147,
"[50, 53]",-0.4100294468291033,
"[26, 56]",-0.41004191855446237,
"[38, 57]",-0.4101070131007699,
"[8, 54]",-0.4102823373268807,
"[25, 27]",-0.41074019839031456,
"[21, 43]",-0.4117288815868644,
"[11, 41]",-0.4117339435013882,
"[52, 63]",-0.4117909802931065,
"[17, 54]",-0.41207952899023775,
"[6, 61]",-0.4121060873456107,
"[50, 56]",-0.41236957144922864,
"[14, 24]",-0.41280681704393773,
"[20, 37]",-0.4138466029084764,
"[13, 20]",-0.41623303258561517,
"[25, 31]",-0.41624124390505324,
"[9, 57]",-0.41715059876218624,
"[28, 29]",-0.4173634208129033,
"[25, 38]",-0.41743767028837775,
"[3, 18]",-0.41836521010328936,
"[15, 20]",-0.4189993573470886,
"[51, 63]",-0.4193004626559772,
"[17, 58]",-0.42013997623811833,
"[22, 62]",-0.42026173175493775,
"[4, 28]",-0.4208653686968227,
"[28, 48]",-0.4215949411726393,
"[25, 54]",-0.42205611663641984,
"[1, 15]",-0.422093538968802,
"[24, 41]",-0.4221974986208874,
"[1, 5]",-0.42254638986712034,
"[1, 26]",-0.42254638986712034,
"[5, 26]",-0.42254638986712034,
"[25, 53]",-0.42322099057351886,
"[1, 9]",-0.4232652967438227,
"[32, 60]",-0.42340933089317784,
"[24, 62]",-0.42443859348348056,
"[13, 16]",-0.42466361097915933,
"[5, 9]",-0.42468145725384604,
"[28, 61]",-0.4248050600662321,
"[55, 70]",-0.4252606879146483,
"[9, 26]",-0.4261499063596355,
"[9, 45]",-0.4261499063596355,
"[26, 45]",-0.4261499063596355,
"[63, 65]",-0.42701229017555753,
"[45, 72]",-0.4276996195716432,
"[3, 25]",-0.4280468968843579,
"[10, 19]",-0.4283699772665498,
"[28, 63]",-0.42889066593080477,
"[12, 67]",-0.42952065820774393,
"[4, 10]",-0.4296700396577121,
"[28, 56]",-0.4302038963872745,
"[7, 41]",-0.43053128560171927,
"[4, 50]",-0.43067458590694213,
"[39, 54]",-0.43229027899705086,
"[40, 69]",-0.4324817135083819,
"[7, 21]",-0.4327083062499105,
"[23, 62]",-0.43293142372957844,
"[13, 67]",-0.4342024395466232,
"[45, 53]",-0.43442228853188225,
"[40, 44]",-0.4344809250244635,
"[33, 66]",-0.43471515111349196,
"[23, 36]",-0.43488175774717613,
"[24, 48]",-0.43548060293995144,
"[22, 37]",-0.43553075279616205,
"[1, 65]",-0.43558939835198274,
"[5, 44]",-0.43568526609312447,
"[23, 37]",-0.43610901131066226,
"[23, 43]",-0.43717313411338415,
"[13, 62]",-0.4390252622146928,
"[39, 41]",-0.4403586382658975,
"[29, 45]",-0.44046083014176474,
"[15, 67]",-0.44153899515833317,
"[36, 70]",-0.4426391996624099,
"[25, 56]",-0.4426910263793176,
"[59, 67]",-0.4439083652829385,
"[37, 41]",-0.44419832189154035,
"[4, 34]",-0.44421889245180846,
"[27, 28]",-0.44494126039876886,
"[22, 68]",-0.444993172037682,
"[40, 57]",-0.44568438565648405,
"[4, 29]",-0.4463896766475831,
"[9, 28]",-0.44683814883589185,
"[59, 71]",-0.44778277185514037,
"[25, 29]",-0.44872437978779767,
"[44, 64]",-0.44924153477437556,
"[3, 66]",-0.449540877541235,
"[21, 61]",-0.44991774872313073,
"[41, 51]",-0.45006880895967855,
"[9, 27]",-0.4502936840647888,
"[50, 60]",-0.4503996250814362,
"[30, 68]",-0.4504916605109965,
"[48, 71]",-0.4508727296050141,
"[6, 24]",-0.4510024038783285,
"[25, 57]",-0.4513998458138202,
"[16, 52]",-0.45141577310093384,
"[54, 66]",-0.45171828442986617,
"[8, 22]",-0.4520482660646217,
"[46, 59]",-0.45225955603416795,
"[6, 42]",-0.452482792633379,
"[25, 62]",-0.4525092495634383,
"[3, 28]",-0.45311247212791417,
"[1, 28]",-0.45355021561340414,
"[20, 58]",-0.45426847321437785,
"[34, 54]",-0.45513001735981806,
"[28, 34]",-0.45544710405052713,
"[53, 57]",-0.4571304257989681,
"[16, 21]",-0.45717265155394315,
"[25, 48]",-0.4573351558742773,
"[34, 58]",-0.4573657003078105,
"[12, 45]",-0.4576846441327256,
"[42, 50]",-0.4578832726034341,
"[11, 50]",-0.458430480107839,
"[35, 45]",-0.45849320139148636,
"[20, 28]",-0.4592408809247733,
"[4, 6]",-0.4594810763249335,
"[5, 62]",-0.46015642306405696,
"[5, 23]",-0.46064913092253224,
"[16, 57]",-0.4611498809034762,
"[27, 43]",-0.4612580350128783,
"[57, 72]",-0.4622250567152784,
"[26, 44]",-0.4623693771391899,
"[19, 36]",-0.4635781261520962,
"[16, 28]",-0.4636183157796726,
"[64, 68]",-0.46392039589169903,
"[26, 37]",-0.4640722480260232,
"[41, 42]",-0.4643565153592789,
"[4, 20]",-0.46537765469549497,
"[4, 23]",-0.46537765469549497,
"[20, 23]",-0.46537765469549497,
"[38, 41]",-0.4656996834133705,
"[3, 51]",-0.46613307499093265,
"[3, 59]",-0.46613307499093265,
"[51, 59]",-0.46613307499093265,
"[9, 36]",-0.4670970888341653,
"[5, 16]",-0.46836822070530953,
"[5, 24]",-0.46836822070530953,
"[16, 24]",-0.46836822070530953,
"[27, 36]",-0.46840276325660274,
"[27, 40]",-0.46864372482546035,
"[57, 61]",-0.4699029928345096,
"[1, 20]",-0.4704983283144408,
"[10, 25]",-0.470735673895301,
"[4, 58]",-0.4708268194446228,
"[57, 65]",-0.47121012720241606,
"[1, 29]",-0.4712407417326257,
"[1, 63]",-0.47140775331049767,
"[9, 62]",-0.4715848657153792,
"[37, 62]",-0.4720135958229234,
"[15, 32]",-0.47341883045934435,
"[37, 58]",-0.4744776327979525,
"[37, 44]",-0.47505589131245274,
"[13, 72]",-0.47515235836156616,
"[2, 13]",-0.475295542137779,
"[13, 66]",-0.475295542137779,
"[50, 70]",-0.4754926326219177,
"[28, 41]",-0.4761669623637172,
"[13, 19]",-0.476527461189971,
"[52, 65]",-0.476858296840964,
"[22, 64]",-0.4771823173957394,
"[37, 64]",-0.47724110473390063,
"[25, 44]",-0.47846929730450327,
"[5, 55]",-0.4785508497804627,
"[40, 72]",-0.47878734026863246,
"[54, 72]",-0.47878734026863246,
"[10, 22]",-0.479174348746154,
"[10, 35]",-0.479174348746154,
"[22, 35]",-0.479174348746154,
"[6, 21]",-0.4803176205804308,
"[10, 20]",-0.4815012312212589,
"[17, 25]",-0.481631097990915,
"[13, 43]",-0.48216745595795985,
"[29, 62]",-0.48317682310364624,
"[8, 10]",-0.4836650976122543,
"[48, 63]",-0.48390744081455267,
"[51, 70]",-0.48433591500299167,
"[28, 42]",-0.4849218320735158,
"[57, 71]",-0.48536848808150174,
"[33, 45]",-0.48623952969679196,
"[7, 16]",-0.48686714570304257,
"[27, 58]",-0.4877086571664167,
"[33, 44]",-0.48793549638101225,
"[28, 60]",-0.4882778654622719,
"[36, 45]",-0.48848770867647473,
"[64, 66]",-0.48880010097358495,
"[19, 25]",-0.4909500894877076,
"[4, 14]",-0.4917139121264873,
"[14, 57]",-0.4917139121264873,
"[20, 22]",-0.49221309940341296,
"[22, 67]",-0.49221309940341296,
"[5, 29]",-0.49229192450015874,
"[13, 28]",-0.49250938582200793,
"[24, 52]",-0.4925284972708694,
"[5, 63]",-0.4938247933931925,
"[29, 63]",-0.4938247933931925,
"[5, 64]",-0.49415326529884257,
"[62, 68]",-0.49417306090995156,
"[28, 33]",-0.49455218875429424,
"[5, 18]",-0.49464597315731784,
"[1, 24]",-0.49471593247717144,
"[42, 60]",-0.49577698760894995,
"[42, 69]",-0.49577698760894995,
"[60, 69]",-0.49577698760894995,
"[24, 26]",-0.4962606000742882,
"[13, 64]",-0.49641352878175177,
"[53, 70]",-0.4965046808700071,
"[41, 52]",-0.49678894347812746,
"[26, 36]",-0.4972282067993817,
"[11, 46]",-0.49882367432210717,
"[29, 37]",-0.49956450779982375,
"[25, 66]",-0.4996034387347292,
"[22, 40]",-0.5003239170614879,
"[52, 60]",-0.5007707198028664,
"[39, 44]",-0.5017014060643161,
"[13, 45]",-0.5017839365270589,
"[13, 37]",-0.5021997103816488,
"[15, 56]",-0.5027546169261066,
"[56, 57]",-0.5027546169261066,
"[50, 66]",-0.5033920568632214,
"[26, 35]",-0.5036840514805416,
"[23, 67]",-0.5042872549775672,
"[29, 50]",-0.5043317248704334,
"[29, 72]",-0.5043317248704334,
"[50, 72]",-0.5043317248704334,
"[20, 24]",-0.5053502041669229,
"[64, 70]",-0.5061822861811607,
"[1, 11]",-0.5066202826647124,
"[23, 25]",-0.507333913091569,
"[56, 60]",-0.507357619041599,
"[30, 33]",-0.5073960940523363,
"[29, 51]",-0.5080278881886888,
"[51, 58]",-0.5089218868614651,
"[18, 41]",-0.5095927333061767,
"[53, 58]",-0.5098615770668493,
"[30, 50]",-0.5099511071920744,
"[31, 59]",-0.5103527729805599,
"[31, 66]",-0.5103527729805599,
"[59, 66]",-0.5103527729805599,
"[25, 36]",-0.5114185886681626,
"[26, 72]",-0.5115615468099685,
"[7, 36]",-0.5127596690204761,
"[7, 59]",-0.5127596690204761,
"[36, 59]",-0.5127596690204761,
"[45, 56]",-0.5132910017754901,
"[1, 39]",-0.5133852239834901,
"[20, 27]",-0.5140826739742625,
"[48, 52]",-0.5146294743418569,
"[4, 56]",-0.5148190004091325,
"[24, 33]",-0.5152653467660107,
"[51, 56]",-0.5157750398138314,
"[5, 13]",-0.5158324110717494,
"[5, 46]",-0.5158324110717494,
"[13, 46]",-0.5158324110717494,
"[66, 72]",-0.5167040849867669,
"[25, 30]",-0.5168910478521356,
"[29, 60]",-0.5174689885568949,
"[8, 64]",-0.5180450569357447,
"[19, 61]",-0.5180944598275312,
"[4, 16]",-0.5185173385351303,
"[1, 61]",-0.521466396039793,
"[36, 62]",-0.5219964949424933,
"[20, 32]",-0.5223407627880245,
"[13, 60]",-0.5229019231710317,
"[10, 50]",-0.5229359873910273,
"[26, 42]",-0.5229918607215326,
"[20, 47]",-0.5234027469682745,
"[20, 51]",-0.5234027469682745,
"[47, 51]",-0.5234027469682745,
"[41, 59]",-0.5234717812723435,
"[37, 42]",-0.5241084526058114,
"[57, 62]",-0.5271617743288679,
"[8, 56]",-0.5272110630864008,
"[8, 59]",-0.5272110630864008,
"[56, 59]",-0.5272110630864008,
"[1, 70]",-0.5284321157485288,
"[6, 19]",-0.52863648083801,
"[50, 57]",-0.5288813935812168,
"[25, 34]",-0.5289011946787774,
"[25, 55]",-0.5289011946787774,
"[34, 55]",-0.5289011946787774,
"[18, 22]",-0.5291178247629349,
"[23, 61]",-0.5291688020197474,
"[33, 57]",-0.530085851672496,
"[22, 51]",-0.5308316138646372,
"[46, 67]",-0.5308975179882182,
"[9, 22]",-0.5311482576160613,
"[24, 42]",-0.5311524912560088,
"[43, 51]",-0.5315754787280251,
"[26, 48]",-0.5325259858218436,
"[11, 33]",-0.5329650854613398,
"[43, 55]",-0.5338612937141589,
"[42, 63]",-0.5340640569658965,
"[50, 63]",-0.5357837272235317,
"[22, 65]",-0.5360377891125335,
"[48, 55]",-0.5361590419299977,
"[27, 38]",-0.5361824064770992,
"[45, 50]",-0.5399857368422241,
"[13, 63]",-0.5412789254996477,
"[4, 12]",-0.5422348458082464,
"[4, 52]",-0.5422348458082464,
"[12, 52]",-0.5422348458082464,
"[24, 31]",-0.5435180426401995,
"[9, 25]",-0.5453663434064783,
"[9, 39]",-0.5453663434064783,
"[25, 39]",-0.5453663434064783,
"[42, 71]",-0.5457031576639925,
"[8, 57]",-0.5466296034974069,
"[8, 60]",-0.5466296034974069,
"[57, 60]",-0.5466296034974069,
"[5, 40]",-0.5482197409688494,
"[2, 8]",-0.5493969983942193,
"[2, 54]",-0.5493969983942193,
"[3, 27]",-0.5494234371508193,
"[55, 58]",-0.5500511246732118,
"[23, 28]",-0.550437440401842,
"[36, 58]",-0.5506724525333058,
"[36, 64]",-0.5506724525333058,
"[58, 64]",-0.5506724525333058,
"[38, 55]",-0.5510602741159182,
"[45, 68]",-0.5519051747540431,
"[45, 69]",-0.5519051747540431,
"[68, 69]",-0.5519051747540431,
"[1, 22]",-0.5523362274341073,
"[27, 65]",-0.5527590068330746,
"[25, 60]",-0.5540622658140419,
"[4, 33]",-0.5542393916796096,
"[3, 65]",-0.5567422996835989,
"[9, 65]",-0.55917728978797,
"[17, 57]",-0.560827766593436,
"[25, 41]",-0.5616745785258652,
"[51, 64]",-0.5622707386754769,
"[24, 51]",-0.5623895321997033,
"[45, 60]",-0.5635390363244804,
"[22, 33]",-0.5635640405000804,
"[3, 50]",-0.5646276625513941,
"[7, 23]",-0.5647375924911331,
"[23, 66]",-0.5650177463160395,
"[5, 66]",-0.5652674328720897,
"[22, 46]",-0.5663243344766092,
"[21, 51]",-0.566571535830467,
"[53, 66]",-0.5670519953553315,
"[23, 33]",-0.5671632566813518,
"[23, 68]",-0.5671632566813518,
"[4, 37]",-0.5703604554377422,
"[44, 54]",-0.5704234394408302,
"[51, 55]",-0.5704434704352276,
"[28, 50]",-0.5705736407343788,
"[28, 51]",-0.5708168315596509,
"[8, 18]",-0.5710208593377002,
"[9, 64]",-0.5720408900948899,
"[26, 66]",-0.5723489730939131,
"[42, 64]",-0.5723789750681638,
"[3, 12]",-0.5752237258570454,
"[10, 64]",-0.5754251209432649,
"[40, 54]",-0.5763194114015979,
"[1, 44]",-0.5767118124321395,
"[26, 46]",-0.5771321236278946,
"[46, 56]",-0.5771321236278946,
"[25, 59]",-0.5788703366449467,
"[5, 60]",-0.5808698483904696,
"[19, 21]",-0.5818012749332552,
"[39, 50]",-0.5828093055692115,
"[39, 51]",-0.5828093055692115,
"[50, 51]",-0.5828093055692115,
"[37, 50]",-0.5830030773734061,
"[4, 59]",-0.5831841724253158,
"[23, 50]",-0.5867531452819126,
"[24, 34]",-0.5874408074283486,
"[14, 44]",-0.5882108573834381,
"[62, 64]",-0.588953050659832,
"[22, 54]",-0.5889955714959576,
"[36, 72]",-0.5907457574453179,
"[5, 7]",-0.5912167134184478,
"[7, 43]",-0.5912336977612771,
"[10, 70]",-0.5923547797768491,
"[34, 48]",-0.5938140790156063,
"[42, 61]",-0.595142770304679,
"[13, 26]",-0.5990861371215507,
"[13, 50]",-0.5990861371215507,
"[53, 60]",-0.6001323135816274,
"[53, 61]",-0.6001323135816274,
"[60, 61]",-0.6001323135816274,
"[28, 38]",-0.6017993426993271,
"[34, 64]",-0.6019749102221557,
"[24, 44]",-0.6022779316739619,
"[1, 41]",-0.6034413942607209,
"[21, 30]",-0.6053948103700629,
"[3, 42]",-0.6062341088102885,
"[18, 46]",-0.6072892340335763,
"[18, 58]",-0.6072892340335763,
"[46, 58]",-0.6072892340335763,
"[4, 55]",-0.6075262916092807,
"[35, 67]",-0.6084602135953695,
"[14, 25]",-0.6091015888220415,
"[23, 58]",-0.610837377868924,
"[8, 26]",-0.6130157204178374,
"[22, 56]",-0.6137270117787019,
"[9, 32]",-0.6138426900386488,
"[3, 53]",-0.6142325583556303,
"[28, 58]",-0.6181417661576178,
"[20, 53]",-0.6187748790800423,
"[22, 28]",-0.6204763980802307,
"[4, 63]",-0.6205836245791516,
"[29, 66]",-0.621885117005289,
"[22, 23]",-0.6220573246986173,
"[10, 56]",-0.6235451764894004,
"[44, 57]",-0.6237677886985067,
"[25, 26]",-0.6242875231648715,
"[25, 33]",-0.6242875231648715,
"[26, 33]",-0.6242875231648715,
"[30, 43]",-0.6254738045666071,
"[20, 57]",-0.6260858344327596,
"[20, 70]",-0.6260858344327596,
"[57, 70]",-0.6260858344327596,
"[8, 34]",-0.6275640558407976,
"[27, 34]",-0.6275640558407976,
"[1, 25]",-0.6277459694028231,
"[58, 66]",-0.6280253906815825,
"[25, 61]",-0.6287380351902829,
"[60, 64]",-0.6293197264749489,
"[16, 64]",-0.6294893177166827,
"[55, 65]",-0.63034584050852,
"[3, 38]",-0.6303544285144388,
"[23, 69]",-0.6316945991194816,
"[11, 24]",-0.6318131123838726,
"[28, 36]",-0.6324413866836223,
"[28, 55]",-0.6324413866836223,
"[36, 55]",-0.6324413866836223,
"[16, 65]",-0.6329562711248378,
"[6, 27]",-0.6356006116875608,
"[18, 59]",-0.6357823819073615,
"[15, 60]",-0.6379740039412427,
"[22, 50]",-0.6388990442975768,
"[61, 64]",-0.6394787704795369,
"[55, 64]",-0.6397995486941268,
"[33, 64]",-0.6403077388407984,
"[41, 45]",-0.641869029346743,
"[12, 27]",-0.6424911170051042,
"[28, 37]",-0.6426554013450538,
"[10, 67]",-0.6431591512564534,
"[37, 57]",-0.645097574133574,
"[12, 13]",-0.6464080082232457,
"[12, 69]",-0.6464080082232457,
"[42, 56]",-0.6530697547440115,
"[27, 29]",-0.6537449637890822,
"[8, 63]",-0.6562815783549889,
"[57, 59]",-0.6566732314095234,
"[60, 71]",-0.6568664938050324,
"[24, 64]",-0.6572198994057403,
"[25, 64]",-0.6580262941802024,
"[51, 61]",-0.6610376900134458,
"[14, 31]",-0.6616218000426909,
"[42, 65]",-0.6631994075654588,
"[27, 60]",-0.6632691079047051,
"[24, 27]",-0.6644516222294481,
"[45, 57]",-0.6661547440208365,
"[57, 64]",-0.6690533223893536,
"[33, 67]",-0.6697127341249383,
"[13, 57]",-0.6711724279783631,
"[37, 60]",-0.6716622205028535,
"[3, 67]",-0.6726621400381031,
"[37, 46]",-0.6732225562403116,
"[28, 66]",-0.6746106757858188,
"[61, 71]",-0.6747533912618981,
"[24, 60]",-0.6749505718223141,
"[5, 45]",-0.6761267010289992,
"[9, 41]",-0.6767230429606241,
"[18, 28]",-0.6769453077084318,
"[18, 57]",-0.6769453077084318,
"[28, 57]",-0.6769453077084318,
"[5, 41]",-0.6769478807931245,
"[28, 40]",-0.6792799396310447,
"[60, 66]",-0.681313727033474,
"[3, 56]",-0.6833634036646652,
"[24, 28]",-0.6848246904472504,
"[3, 71]",-0.6849545457955436,
"[22, 26]",-0.6869924045213724,
"[37, 55]",-0.6889074041769847,
"[40, 60]",-0.6892693287816686,
"[27, 33]",-0.6908558684252553,
"[27, 69]",-0.6908558684252553,
"[33, 69]",-0.6908558684252553,
"[58, 63]",-0.692392825576113,
"[15, 59]",-0.6935682062171181,
"[4, 64]",-0.6945160887843305,
"[4, 67]",-0.6945160887843305,
"[64, 67]",-0.6945160887843305,
"[1, 14]",-0.695293353394318,
"[1, 27]",-0.695293353394318,
"[14, 27]",-0.695293353394318,
"[41, 63]",-0.696446363886082,
"[27, 54]",-0.6975262496117681,
"[24, 53]",-0.6976874213174553,
"[27, 31]",-0.700645777060338,
"[3, 57]",-0.7011639148864572,
"[50, 58]",-0.7029833212221541,
"[41, 46]",-0.7033796666459932,
"[5, 54]",-0.7038278317388246,
"[9, 33]",-0.7041766066684652,
"[1, 13]",-0.7062795492570622,
"[26, 51]",-0.7064601459076333,
"[42, 57]",-0.7106023355581903,
"[42, 67]",-0.7106023355581903,
"[57, 67]",-0.7106023355581903,
"[27, 41]",-0.7151506780466463,
"[3, 16]",-0.7179213968208575,
"[50, 68]",-0.7194184275263438,
"[27, 52]",-0.7210696716528153,
"[27, 67]",-0.7210696716528153,
"[52, 67]",-0.7210696716528153,
"[5, 11]",-0.7214558240087133,
"[26, 63]",-0.7229953163725606,
"[26, 28]",-0.7262644070736305,
"[44, 63]",-0.7273797864989248,
"[27, 61]",-0.729466744038525,
"[3, 37]",-0.729663608992962,
"[27, 56]",-0.7323235184367933,
"[18, 56]",-0.7334788826347609,
"[7, 45]",-0.7374498074142933,
"[20, 60]",-0.7399394041405175,
"[1, 64]",-0.7453055840496774,
"[25, 63]",-0.7470559450870596,
"[3, 29]",-0.7473406376432221,
"[50, 64]",-0.7494530571764935,
"[46, 60]",-0.7501410240159175,
"[15, 33]",-0.7510199042957384,
"[57, 58]",-0.7524410463231603,
"[6, 51]",-0.7529990879360308,
"[18, 40]",-0.7532260707624602,
"[54, 64]",-0.7534571585461933,
"[13, 70]",-0.7550490889347019,
"[50, 54]",-0.7551292202378184,
"[16, 41]",-0.7559702882325803,
"[56, 61]",-0.7580394083259518,
"[52, 64]",-0.7585697383206025,
"[3, 61]",-0.7606739919462049,
"[54, 56]",-0.7618909981390544,
"[54, 63]",-0.7618909981390544,
"[56, 63]",-0.7618909981390544,
"[27, 57]",-0.762152335361672,
"[12, 64]",-0.7627172114474186,
"[41, 58]",-0.7644794665482163,
"[16, 18]",-0.768172830911319,
"[27, 68]",-0.7691584346608165,
"[59, 61]",-0.7729964974483785,
"[26, 60]",-0.7749338664435189,
"[20, 50]",-0.7752602041867078,
"[44, 58]",-0.7772343806406492,
"[60, 63]",-0.7803668010576557,
"[11, 57]",-0.7861080836174514,
"[11, 68]",-0.7861080836174514,
"[57, 68]",-0.7861080836174514,
"[10, 61]",-0.7866451299346073,
"[16, 69]",-0.7994881350397323,
"[29, 65]",-0.8009147956338429,
"[10, 59]",-0.8035747887681916,
"[36, 57]",-0.8045392906840019,
"[16, 40]",-0.8062799108149497,
"[13, 53]",-0.8097864468621536,
"[19, 59]",-0.8267223859615508,
"[41, 53]",-0.8303171281409045,
"[41, 64]",-0.8303171281409045,
"[53, 64]",-0.8303171281409045,
"[11, 64]",-0.8321199564962514,
"[22, 41]",-0.8323071790469188,
"[5, 19]",-0.832972035976923,
"[5, 72]",-0.832972035976923,
"[36, 38]",-0.8356570136479753,
"[67, 71]",-0.839152795459269,
"[22, 42]",-0.8491488986458784,
"[20, 33]",-0.857896041066966,
"[20, 35]",-0.857896041066966,
"[33, 35]",-0.857896041066966,
"[19, 72]",-0.8597834624366962,
"[20, 66]",-0.867955671357034,
"[20, 72]",-0.867955671357034,
"[23, 41]",-0.870734814132941,
"[41, 65]",-0.884897800633506,
"[41, 55]",-0.8862409686875975,
"[22, 60]",-0.8925338211323305,
"[36, 41]",-0.8947501470032335,
"[36, 66]",-0.8947501470032335,
"[41, 66]",-0.8947501470032335,
"[27, 44]",-0.8951767931484231,
"[22, 63]",-0.90937554073129,
"[23, 27]",-0.9166877934338757,
"[23, 45]",-0.9166877934338757,
"[27, 45]",-0.9166877934338757,
"[27, 37]",-0.9290632445961633,
"[27, 63]",-0.9290632445961633,
"[37, 63]",-0.9290632445961633,
"[1, 57]",-0.9301187372669468,
"[57, 63]",-0.931480701134121,
"[16, 55]",-0.94270698618096,
"[16, 63]",-0.94270698618096,
"[55, 63]",-0.94270698618096,
"[22, 57]",-0.9573269853976564,
"[27, 64]",-0.9585335304725713,
"[7, 27]",-0.9612452431978332,
"[19, 27]",-0.9633350535642901,
"[4, 27]",-0.9662831471228678,
"[5, 27]",-0.9686309330104153,
"[26, 57]",-0.9738676564564508,
"[16, 27]",-0.9806267936592652,
"[21, 27]",-0.9809137328557318,
