pool,score,output
"[66, 70]",0.9325691821807208,
"[10, 12]",0.9048953135586884,
"[48, 56]",0.8131118801917612,
"[12, 53]",0.7598738726678844,
"[14, 32]",0.7211491678387612,
"[6, 31]",0.7031612768508121,
"[49, 53]",0.6804674861214207,
"[16, 53]",0.6804674861214207,
"[17, 66]",0.6729550759499568,
"[14, 41]",0.659335962276756,
"[29, 49]",0.6514902057390389,
"[2, 29]",0.6514902057390389,
"[2, 49]",0.6514902057390389,
"[12, 19]",0.5844004081062604,
"[37, 49]",0.5819793010889017,
"[40, 67]",0.5729327712406714,
"[38, 72]",0.5722320954489984,
"[31, 72]",0.5503450160455434,
"[33, 48]",0.5482846337963971,
"[70, 72]",0.5200078225506647,
"[16, 70]",0.5198919227871768,
"[49, 55]",0.5140714634100942,
"[35, 55]",0.5140714634100942,
"[35, 49]",0.5140714634100942,
"[12, 40]",0.5093961200121829,
"[6, 60]",0.5024650516928332,
"[14, 47]",0.49875330994380274,
"[17, 40]",0.49606034268651483,
"[10, 37]",0.4911348550015888,
"[2, 55]",0.4895380713830815,
"[2, 57]",0.4895380713830815,
"[55, 57]",0.4895380713830815,
"[16, 49]",0.4728471599821223,
"[17, 70]",0.47107572400780523,
"[16, 56]",0.4655426643825298,
"[6, 70]",0.4584730769024976,
"[14, 48]",0.455226865627363,
"[34, 51]",0.45232139683000616,
"[31, 35]",0.4455718418579847,
"[6, 38]",0.44493277278009025,
"[14, 33]",0.4438276780073181,
"[33, 38]",0.44318328631238235,
"[33, 70]",0.44318328631238235,
"[38, 70]",0.44318328631238235,
"[12, 66]",0.4406060765374906,
"[37, 67]",0.4347842845807297,
"[33, 58]",0.4317177390526836,
"[14, 56]",0.41778803279763027,
"[31, 60]",0.4139327024102877,
"[38, 49]",0.41392929125609723,
"[6, 54]",0.4106724529357212,
"[12, 49]",0.407188369960443,
"[11, 14]",0.4028130210764984,
"[14, 66]",0.40228858313780036,
"[35, 38]",0.3998434558182269,
"[40, 51]",0.3993391113330169,
"[7, 38]",0.3972035138669133,
"[17, 19]",0.3937184857684637,
"[41, 56]",0.3926284098190685,
"[10, 58]",0.39197175488256497,
"[6, 41]",0.3833583128971455,
"[12, 68]",0.37871555987261385,
"[2, 21]",0.37228597765375426,
"[7, 60]",0.36889592833970597,
"[2, 72]",0.36705034172517104,
"[17, 46]",0.36620987336936117,
"[16, 67]",0.3648016323797887,
"[12, 17]",0.36378247622493104,
"[14, 52]",0.3587684329195642,
"[10, 49]",0.35802034571648855,
"[2, 35]",0.3557871912939479,
"[2, 51]",0.3552864791800554,
"[10, 16]",0.3549675270827038,
"[37, 40]",0.35260740737983126,
"[11, 61]",0.35231595938466786,
"[34, 37]",0.352029148953237,
"[37, 45]",0.3478516097643483,
"[49, 57]",0.3441729296989053,
"[40, 70]",0.3439796192876561,
"[32, 48]",0.3421021520299687,
"[12, 70]",0.34149457030441066,
"[17, 68]",0.34098100534679154,
"[6, 72]",0.3405583295417623,
"[45, 67]",0.33186795217409043,
"[6, 33]",0.3304994904978035,
"[11, 18]",0.32609045915662227,
"[23, 56]",0.32537462341240075,
"[31, 38]",0.32485760894678933,
"[30, 69]",0.3243482279925619,
"[10, 21]",0.3224895523856998,
"[6, 52]",0.3193709636856793,
"[21, 33]",0.3179529491899565,
"[12, 33]",0.3179529491899565,
"[12, 56]",0.30857680870338633,
"[2, 48]",0.3064918593987228,
"[29, 55]",0.3062854612064678,
"[12, 48]",0.3028379129780767,
"[30, 44]",0.30280106667576745,
"[35, 61]",0.3023171696424658,
"[14, 18]",0.2989094782114138,
"[18, 60]",0.29874231103368454,
"[44, 70]",0.29777946391220694,
"[67, 70]",0.29777946391220694,
"[44, 67]",0.29777946391220694,
"[32, 41]",0.29660305463786735,
"[21, 68]",0.29339390515431424,
"[30, 58]",0.2896991675554268,
"[34, 67]",0.2874148914661032,
"[27, 48]",0.28732341625651114,
"[45, 51]",0.28218596484851793,
"[44, 60]",0.2803635790571605,
"[35, 41]",0.2793950658868485,
"[51, 67]",0.2787262380165868,
"[2, 32]",0.2751784025821252,
"[7, 49]",0.2741608067951584,
"[6, 58]",0.2741608067951584,
"[49, 58]",0.2741608067951584,
"[7, 58]",0.2741608067951584,
"[6, 7]",0.2741608067951584,
"[6, 49]",0.2741608067951584,
"[54, 71]",0.2707770316817403,
"[19, 71]",0.270742821098241,
"[14, 37]",0.26960346434164323,
"[35, 54]",0.2695780249764243,
"[35, 60]",0.26753798650172356,
"[21, 72]",0.26627291419331145,
"[18, 72]",0.26603658172580313,
"[31, 54]",0.2653449857857504,
"[11, 69]",0.2653043692411221,
"[58, 69]",0.2653043692411221,
"[11, 58]",0.2653043692411221,
"[6, 37]",0.2648476667261603,
"[37, 47]",0.2648476667261603,
"[6, 47]",0.2648476667261603,
"[6, 35]",0.2644938417301884,
"[21, 58]",0.264478039326967,
"[12, 21]",0.2640309112577783,
"[2, 11]",0.26360846653926895,
"[15, 72]",0.26194910952184236,
"[37, 52]",0.2609358954552288,
"[15, 49]",0.2604822120737633,
"[19, 33]",0.2583619029549421,
"[19, 42]",0.2583619029549421,
"[33, 42]",0.2583619029549421,
"[14, 69]",0.25639295458045186,
"[7, 11]",0.25619952423344283,
"[19, 55]",0.2535637153312169,
"[56, 66]",0.25331736076857714,
"[12, 31]",0.2526558199279575,
"[33, 72]",0.24835554411288885,
"[44, 56]",0.24738397808947543,
"[38, 46]",0.24673751243400543,
"[19, 32]",0.24345693403048985,
"[47, 66]",0.24230254448831517,
"[2, 26]",0.241334542269111,
"[19, 30]",0.2409204759890985,
"[1, 33]",0.23898464739272063,
"[30, 41]",0.23843624099504146,
"[14, 46]",0.23704218928753495,
"[41, 54]",0.23497850878440563,
"[12, 65]",0.23369411898180992,
"[21, 60]",0.22846712398626923,
"[8, 62]",0.22758000278569257,
"[18, 48]",0.2275189986355738,
"[54, 55]",0.2272729664598725,
"[15, 30]",0.22726510766532348,
"[30, 31]",0.2266700233796719,
"[2, 14]",0.22633826756285125,
"[14, 60]",0.22633826756285125,
"[2, 60]",0.22633826756285125,
"[2, 9]",0.22598259711060342,
"[30, 49]",0.21941889368019674,
"[33, 41]",0.21935385587325146,
"[44, 49]",0.21926767100029676,
"[2, 46]",0.21748801095207104,
"[49, 67]",0.216735940156206,
"[19, 41]",0.21605040215436677,
"[55, 72]",0.215857096749155,
"[30, 59]",0.21452135669280403,
"[6, 18]",0.21151888928203,
"[2, 23]",0.21094826158496238,
"[66, 67]",0.21061432265270458,
"[46, 66]",0.2105055458214804,
"[38, 61]",0.2099318491929416,
"[46, 57]",0.208389647297059,
"[46, 52]",0.208389647297059,
"[52, 57]",0.208389647297059,
"[60, 65]",0.20795953558632718,
"[34, 63]",0.20791774120092466,
"[23, 49]",0.20566020203492835,
"[33, 39]",0.2051785402637737,
"[23, 53]",0.2037047763521569,
"[10, 51]",0.20228487126930783,
"[19, 31]",0.20136630577971748,
"[31, 70]",0.19896066085769487,
"[58, 68]",0.1989277509298728,
"[49, 56]",0.1989013690210263,
"[14, 17]",0.19770405029847438,
"[11, 55]",0.19716765237391795,
"[19, 23]",0.1959533177484828,
"[30, 57]",0.1931865076142958,
"[19, 48]",0.19268998693683603,
"[1, 58]",0.19197815352085645,
"[15, 53]",0.19155793141176392,
"[47, 52]",0.19024983579211413,
"[14, 49]",0.1895861769590413,
"[23, 29]",0.18867008607746627,
"[31, 65]",0.18802708938794005,
"[31, 48]",0.18802708938794005,
"[48, 65]",0.18802708938794005,
"[56, 67]",0.1873019977246333,
"[1, 60]",0.18593939522635083,
"[6, 29]",0.1842047492434543,
"[26, 40]",0.18049065836459982,
"[30, 51]",0.17953113929052078,
"[2, 68]",0.17754364778151865,
"[46, 48]",0.17601639987341167,
"[40, 45]",0.1736513847254189,
"[34, 45]",0.1736513847254189,
"[34, 40]",0.1736513847254189,
"[49, 68]",0.17157301297212668,
"[46, 49]",0.17157301297212668,
"[46, 68]",0.17157301297212668,
"[19, 44]",0.1711149569028274,
"[6, 53]",0.16721076368883026,
"[46, 47]",0.16521811918980084,
"[11, 71]",0.16504111735600077,
"[39, 61]",0.16439548527851813,
"[17, 53]",0.16433052142720955,
"[14, 50]",0.16405181884896405,
"[45, 52]",0.16253983037362074,
"[11, 37]",0.16228839005592066,
"[3, 49]",0.1617715892239342,
"[13, 49]",0.16162036654403422,
"[7, 37]",0.16115477726426108,
"[41, 44]",0.15976200835385057,
"[15, 16]",0.1592211485081313,
"[31, 33]",0.15863389738216843,
"[64, 72]",0.1572636552213899,
"[2, 41]",0.15710345537926917,
"[21, 23]",0.15699534106350455,
"[38, 68]",0.15683862788113834,
"[18, 30]",0.15546735616994323,
"[11, 39]",0.15534241611706112,
"[6, 30]",0.15505406799947075,
"[11, 38]",0.15483074116535273,
"[11, 35]",0.15467974690058395,
"[17, 49]",0.15449025240635222,
"[14, 51]",0.15438763359982116,
"[41, 48]",0.1528344901585023,
"[21, 40]",0.15274527515888403,
"[21, 41]",0.15274527515888403,
"[40, 41]",0.15274527515888403,
"[7, 29]",0.15217582581704736,
"[49, 62]",0.15160599609863012,
"[4, 72]",0.15115800151989828,
"[2, 56]",0.15034354403846895,
"[14, 58]",0.15009742371557594,
"[2, 16]",0.14984263817120969,
"[11, 59]",0.14951916528898168,
"[34, 39]",0.14949462474698783,
"[19, 34]",0.14949462474698783,
"[19, 39]",0.14949462474698783,
"[35, 69]",0.14846588448503484,
"[35, 72]",0.14846588448503484,
"[69, 72]",0.14846588448503484,
"[1, 21]",0.14781390424944027,
"[33, 34]",0.14710789557809,
"[11, 45]",0.14571292178466944,
"[42, 53]",0.14423214505039506,
"[35, 40]",0.14244900006852135,
"[29, 36]",0.14225349691326217,
"[2, 39]",0.14154197851493666,
"[2, 44]",0.14069906909801888,
"[4, 7]",0.14056197583085378,
"[34, 69]",0.14023004815434942,
"[9, 19]",0.1392200417720777,
"[44, 48]",0.13880322414512364,
"[48, 68]",0.13880322414512364,
"[44, 68]",0.13880322414512364,
"[52, 66]",0.13820862630122766,
"[6, 46]",0.13798032827874573,
"[48, 54]",0.1360993399491235,
"[2, 52]",0.13592630754120893,
"[1, 37]",0.13543783264092824,
"[4, 31]",0.13540821215711668,
"[14, 42]",0.13535884942841225,
"[33, 71]",0.13455284758109443,
"[8, 41]",0.13447299398474444,
"[15, 24]",0.1343268230368575,
"[2, 43]",0.1341106579675576,
"[60, 68]",0.13279910552148244,
"[10, 46]",0.13094776130323593,
"[9, 12]",0.13068223712440363,
"[19, 52]",0.13017811942401702,
"[9, 49]",0.12837075805138976,
"[31, 46]",0.1279855033690459,
"[8, 12]",0.127694945190157,
"[12, 30]",0.127694945190157,
"[8, 30]",0.127694945190157,
"[6, 14]",0.1273789981550455,
"[19, 70]",0.12635882208927923,
"[9, 11]",0.12609981470389264,
"[12, 54]",0.12494334139909402,
"[31, 40]",0.12439755707364475,
"[32, 40]",0.12439755707364475,
"[31, 32]",0.12439755707364475,
"[6, 71]",0.12364708723630558,
"[30, 62]",0.12261591459961951,
"[1, 19]",0.12180038850968633,
"[14, 53]",0.12101825518820308,
"[53, 65]",0.12081008622985329,
"[27, 70]",0.11993321026242826,
"[18, 70]",0.11993321026242826,
"[18, 27]",0.11993321026242826,
"[58, 70]",0.11980303147581717,
"[8, 70]",0.11980303147581717,
"[19, 63]",0.11838889169019029,
"[5, 6]",0.11828260315309735,
"[5, 53]",0.11828260315309735,
"[11, 30]",0.11822492209739899,
"[46, 50]",0.11756982835217922,
"[31, 67]",0.11740495151021185,
"[11, 31]",0.11740495151021185,
"[9, 56]",0.11737389030806933,
"[16, 72]",0.11673333582105877,
"[48, 61]",0.11621198225247431,
"[14, 71]",0.11582034188447132,
"[9, 14]",0.11506241123505545,
"[40, 66]",0.11398438868285138,
"[21, 32]",0.11386718747345237,
"[10, 63]",0.11260453362936274,
"[2, 31]",0.11252872498048172,
"[12, 37]",0.1123376533520815,
"[63, 69]",0.11219148819522173,
"[49, 66]",0.10826612005532588,
"[8, 58]",0.1073178112080561,
"[1, 72]",0.10620130569893023,
"[56, 70]",0.10536406509062346,
"[36, 44]",0.10363467164936818,
"[39, 63]",0.10362605266136982,
"[49, 72]",0.10269716776554816,
"[10, 45]",0.1017517412798028,
"[32, 45]",0.1017517412798028,
"[10, 32]",0.1017517412798028,
"[43, 46]",0.1017483616662207,
"[49, 60]",0.10145608958488705,
"[2, 17]",0.10135997462781465,
"[1, 55]",0.09989210803457978,
"[2, 4]",0.09931488459880544,
"[17, 38]",0.09857182702759064,
"[21, 29]",0.09828767838350849,
"[29, 69]",0.09801698622290811,
"[7, 71]",0.09801698622290811,
"[34, 72]",0.09771544478568411,
"[20, 54]",0.09769795224179223,
"[54, 61]",0.09740599577650622,
"[49, 51]",0.09724737447949644,
"[33, 51]",0.09723843671231752,
"[48, 49]",0.09689967497291391,
"[29, 35]",0.09665752866798294,
"[29, 57]",0.09665752866798294,
"[35, 57]",0.09665752866798294,
"[19, 66]",0.09660939462054191,
"[21, 55]",0.09530046983277857,
"[2, 40]",0.09379964441041355,
"[21, 67]",0.09339664020968097,
"[30, 61]",0.09336279971931066,
"[39, 43]",0.09308599056000422,
"[10, 60]",0.09281387546831044,
"[10, 53]",0.0927243101438725,
"[7, 31]",0.0922708460209713,
"[29, 34]",0.09035451347034584,
"[29, 42]",0.09035451347034584,
"[34, 42]",0.09035451347034584,
"[44, 66]",0.09031740882486305,
"[16, 44]",0.09031740882486305,
"[16, 66]",0.09031740882486305,
"[8, 38]",0.08823357094151763,
"[2, 42]",0.08814613424613837,
"[31, 41]",0.08795937228092693,
"[26, 67]",0.08739788390772019,
"[41, 67]",0.08739788390772019,
"[26, 41]",0.08739788390772019,
"[36, 40]",0.08718490724858492,
"[17, 47]",0.08697328318786801,
"[11, 52]",0.08463793941125214,
"[9, 43]",0.08433838723262521,
"[38, 69]",0.08403612786950193,
"[2, 10]",0.08373713086293749,
"[6, 66]",0.08354365299638217,
"[49, 50]",0.08205143024061126,
"[10, 27]",0.0814102484180928,
"[38, 44]",0.08139618591818837,
"[39, 67]",0.08131772048819652,
"[15, 37]",0.08128404728842492,
"[42, 68]",0.08110209566830423,
"[9, 10]",0.0796334042833805,
"[68, 72]",0.07904138356298114,
"[32, 70]",0.07870334202976115,
"[7, 44]",0.07832421359559233,
"[40, 58]",0.0776658531204591,
"[1, 69]",0.07750404509562342,
"[15, 18]",0.07730691263360534,
"[19, 49]",0.0772364647300886,
"[12, 16]",0.0771534464178876,
"[14, 21]",0.07676087406993959,
"[44, 61]",0.07622861267837988,
"[33, 55]",0.07203649483882507,
"[7, 65]",0.07193600213909884,
"[34, 35]",0.07159203085305055,
"[3, 32]",0.07026902924869016,
"[1, 35]",0.06947895153852812,
"[7, 67]",0.06936654704157952,
"[13, 31]",0.068901549337269,
"[8, 45]",0.0677210548526348,
"[8, 44]",0.06697126504661549,
"[66, 68]",0.06663858523588834,
"[15, 62]",0.06600681078590742,
"[16, 71]",0.06579888553878721,
"[21, 70]",0.06570517030310075,
"[58, 71]",0.0654036308299738,
"[2, 71]",0.0654036308299738,
"[2, 58]",0.0654036308299738,
"[10, 52]",0.06470729290928534,
"[32, 58]",0.06443482884833607,
"[36, 71]",0.0640461566279597,
"[70, 71]",0.06341355143964589,
"[46, 64]",0.06281582881686698,
"[12, 61]",0.062402845563761467,
"[4, 9]",0.06214904846604691,
"[7, 35]",0.06196137891519676,
"[14, 23]",0.061638148860028164,
"[32, 56]",0.06162538676057838,
"[10, 31]",0.061343881540872,
"[10, 69]",0.061343881540872,
"[37, 53]",0.06128026168121344,
"[19, 53]",0.06097446111697152,
"[2, 67]",0.05927156512716664,
"[11, 21]",0.05922598096583609,
"[49, 71]",0.05865651643930575,
"[2, 37]",0.058475960943534466,
"[11, 20]",0.057814494562412576,
"[2, 38]",0.05740889703665016,
"[19, 65]",0.05735456879384376,
"[31, 49]",0.05699072296051407,
"[48, 53]",0.056391700650422705,
"[6, 43]",0.056218245398334865,
"[44, 62]",0.055472220093290225,
"[7, 18]",0.05486581541129987,
"[18, 69]",0.05486581541129987,
"[7, 69]",0.05486581541129987,
"[6, 36]",0.054540885512753934,
"[19, 29]",0.05402281426667954,
"[20, 30]",0.053705630035538375,
"[7, 9]",0.05268886468695738,
"[15, 68]",0.052120588935140044,
"[31, 53]",0.05210200250891228,
"[18, 37]",0.051300638710410296,
"[18, 68]",0.051300638710410296,
"[18, 39]",0.051300638710410296,
"[37, 39]",0.051300638710410296,
"[37, 68]",0.051300638710410296,
"[39, 68]",0.051300638710410296,
"[23, 35]",0.05116102151787649,
"[12, 44]",0.050871344877597424,
"[14, 30]",0.05066480094837478,
"[6, 16]",0.04945385926776935,
"[16, 32]",0.04945385926776935,
"[6, 32]",0.04945385926776935,
"[15, 51]",0.04927983944294467,
"[19, 40]",0.048946951342768164,
"[66, 71]",0.04849375984767035,
"[2, 69]",0.04772508482655935,
"[16, 31]",0.047636873943109226,
"[34, 38]",0.04746002115959036,
"[9, 48]",0.04695664796443055,
"[24, 71]",0.0466711251333507,
"[30, 72]",0.04549117188735036,
"[34, 44]",0.04544845524616781,
"[20, 38]",0.044999200979610854,
"[18, 32]",0.04339145321768517,
"[19, 50]",0.04307362238330492,
"[41, 50]",0.04307362238330492,
"[30, 39]",0.042562924070539486,
"[9, 16]",0.04237966029471596,
"[46, 53]",0.042060323019505574,
"[7, 14]",0.04195363606317015,
"[24, 54]",0.04151839679019054,
"[53, 72]",0.04140369968338958,
"[49, 69]",0.04119898732935653,
"[2, 18]",0.040749500617828706,
"[26, 34]",0.040645559773836715,
"[21, 31]",0.04051591347407352,
"[3, 30]",0.0392337416040488,
"[50, 59]",0.038810642689373454,
"[6, 48]",0.03801066658271263,
"[15, 50]",0.03785899480760896,
"[11, 70]",0.03715957776836076,
"[55, 68]",0.03635755340826802,
"[1, 43]",0.03634440593252808,
"[10, 68]",0.035791912417517925,
"[27, 71]",0.03552002802856119,
"[13, 56]",0.03476163559947232,
"[13, 21]",0.03476163559947232,
"[21, 56]",0.03476163559947232,
"[41, 57]",0.0343565108285071,
"[4, 41]",0.0343565108285071,
"[16, 38]",0.03360858906974673,
"[16, 39]",0.03332531847218351,
"[26, 52]",0.032272256023823165,
"[17, 44]",0.031808405621765734,
"[32, 72]",0.031808132706476255,
"[6, 9]",0.029686914177241674,
"[6, 63]",0.029686914177241674,
"[19, 35]",0.02967160896730975,
"[42, 48]",0.028313783809305493,
"[41, 49]",0.028248163107690516,
"[43, 71]",0.028212271840456327,
"[31, 43]",0.028212271840456327,
"[31, 71]",0.028212271840456327,
"[8, 69]",0.026696022674869035,
"[26, 59]",0.026312219836746642,
"[63, 72]",0.026001334445958924,
"[24, 58]",0.02565764665985515,
"[20, 49]",0.02503324744945118,
"[20, 42]",0.02503324744945118,
"[42, 49]",0.02503324744945118,
"[39, 40]",0.0249484414518219,
"[14, 39]",0.024553528382200707,
"[6, 45]",0.023547045996459015,
"[12, 58]",0.023419916979490057,
"[19, 24]",0.022917081209882006,
"[21, 65]",0.02229611271677201,
"[11, 43]",0.022155946793898817,
"[11, 48]",0.02128851635898682,
"[15, 19]",0.0205192341738184,
"[6, 40]",0.020500379728682017,
"[34, 59]",0.020430919981676565,
"[7, 48]",0.018805123649524746,
"[58, 59]",0.018702585675160366,
"[69, 70]",0.018460186344183616,
"[8, 43]",0.018267252770399867,
"[18, 49]",0.01739997313861552,
"[18, 21]",0.017232805960886277,
"[65, 70]",0.016594637593379757,
"[12, 62]",0.016318949103247105,
"[41, 62]",0.016318949103247105,
"[12, 41]",0.016318949103247105,
"[33, 56]",0.015597902248462497,
"[10, 54]",0.015255744695982898,
"[17, 61]",0.015217797298792524,
"[40, 61]",0.014804826082070288,
"[30, 52]",0.01411888961459179,
"[17, 42]",0.014099984044447678,
"[1, 30]",0.013197005543312434,
"[2, 30]",0.013197005543312434,
"[62, 72]",0.013153365491286095,
"[19, 62]",0.012933110301732054,
"[1, 46]",0.012930725485441219,
"[25, 50]",0.012921782455059427,
"[15, 52]",0.0128324846088963,
"[18, 67]",0.012706998169084383,
"[1, 36]",0.012361577043053351,
"[2, 36]",0.012361577043053351,
"[12, 26]",0.012220752513642241,
"[8, 52]",0.012187301810338336,
"[39, 45]",0.01169966819426374,
"[52, 72]",0.011197074110051664,
"[54, 70]",0.011181239017733324,
"[18, 51]",0.010971778169279467,
"[10, 57]",0.010087454604978174,
"[3, 7]",0.01006821305956973,
"[14, 54]",0.009600034437994565,
"[46, 61]",0.009513791641920066,
"[51, 53]",0.009386769541853635,
"[18, 36]",0.009197934857435475,
"[48, 72]",0.009145340667093826,
"[20, 61]",0.008412186075060779,
"[21, 34]",0.007933287353300345,
"[2, 70]",0.007442945455759631,
"[39, 55]",0.006785538718981687,
"[13, 41]",0.006784755273205434,
"[11, 56]",0.005896006159852973,
"[49, 63]",0.005453919070137703,
"[8, 31]",0.005332784663821366,
"[11, 29]",0.005133698339498616,
"[22, 58]",0.004954802632580579,
"[19, 38]",0.004347529478082701,
"[31, 39]",0.004320877971612587,
"[7, 72]",0.0041142550425039,
"[26, 49]",0.0038474487636286914,
"[7, 17]",0.003645819320324817,
"[8, 9]",0.003507961009175331,
"[7, 39]",0.0031515880158760057,
"[11, 67]",0.0025293885837499586,
"[21, 50]",0.002381543486686899,
"[23, 32]",0.0022172571937356667,
"[36, 46]",0.0018779513135307457,
"[46, 51]",0.0016656122518147742,
"[15, 17]",0.0006956415804859617,
"[8, 72]",0.0006540457272438127,
"[33, 68]",0.0006487571466798903,
"[27, 35]",-3.617722688770142e-05,
"[32, 43]",-0.0015675303512791006,
"[5, 36]",-0.0021023503072081784,
"[3, 58]",-0.0025748185744406404,
"[48, 57]",-0.0026349057128064457,
"[4, 48]",-0.0026349057128064457,
"[2, 6]",-0.0033079306612154857,
"[10, 11]",-0.0047542446714411435,
"[10, 48]",-0.004832164635894531,
"[19, 56]",-0.005536539899159032,
"[8, 42]",-0.00612400306734362,
"[49, 61]",-0.006379501550357269,
"[53, 62]",-0.006424460349236494,
"[9, 59]",-0.006710269975911509,
"[12, 14]",-0.006740948432505334,
"[12, 36]",-0.006862546805006364,
"[37, 38]",-0.007753292924787214,
"[2, 53]",-0.007940881777848963,
"[11, 32]",-0.00831672274852413,
"[3, 72]",-0.008451407799897448,
"[16, 61]",-0.008879223617325793,
"[61, 72]",-0.009292194834048029,
"[18, 47]",-0.011330080687441605,
"[14, 34]",-0.01180941393811924,
"[15, 58]",-0.013121134788120103,
"[44, 55]",-0.013490158306259159,
"[24, 30]",-0.013605840908695932,
"[29, 41]",-0.013711134193664987,
"[17, 33]",-0.014015570664534571,
"[24, 63]",-0.014441269408955015,
"[39, 52]",-0.014616401647343014,
"[16, 45]",-0.014743444635101188,
"[6, 17]",-0.014777543738318577,
"[47, 69]",-0.015340796752796648,
"[36, 69]",-0.01557018925815623,
"[3, 6]",-0.015958057037653905,
"[2, 15]",-0.016408050674981578,
"[37, 43]",-0.016637088999499006,
"[19, 37]",-0.016637088999499006,
"[19, 43]",-0.016637088999499006,
"[21, 64]",-0.018659327614388044,
"[8, 16]",-0.01878825213091484,
"[18, 20]",-0.018957200390360862,
"[8, 14]",-0.01896662183603548,
"[9, 70]",-0.01916488552623863,
"[21, 54]",-0.019204714832573244,
"[26, 61]",-0.02019832413067446,
"[39, 42]",-0.02039096702914084,
"[19, 69]",-0.020633192786283283,
"[21, 24]",-0.02090156402650034,
"[2, 3]",-0.021089182267618578,
"[3, 64]",-0.021089182267618578,
"[3, 21]",-0.02109604624789979,
"[40, 53]",-0.022270339933527283,
"[18, 54]",-0.022384617042656596,
"[15, 34]",-0.02262814361802251,
"[55, 59]",-0.0227160075035005,
"[16, 48]",-0.023833208495476876,
"[21, 22]",-0.02383910507929521,
"[23, 40]",-0.02447735750078156,
"[15, 41]",-0.024490682117979334,
"[22, 31]",-0.02462901298010739,
"[16, 47]",-0.02475769025557001,
"[7, 15]",-0.025075485211487208,
"[8, 21]",-0.025174562941082945,
"[37, 71]",-0.02527871271767007,
"[8, 37]",-0.02527871271767007,
"[8, 71]",-0.02527871271767007,
"[22, 61]",-0.02543042861365663,
"[13, 35]",-0.025934255322710542,
"[21, 59]",-0.02603085612789885,
"[19, 57]",-0.02625563302300989,
"[15, 40]",-0.026498928170572256,
"[2, 25]",-0.027142220455957933,
"[51, 60]",-0.027336960098340912,
"[27, 46]",-0.028222699918464766,
"[10, 17]",-0.028748154053208852,
"[35, 63]",-0.029015440367868184,
"[14, 16]",-0.02945943337653717,
"[20, 45]",-0.02947982104244834,
"[38, 45]",-0.02947982104244834,
"[62, 67]",-0.030052182955421725,
"[21, 71]",-0.030201082634086274,
"[8, 20]",-0.030258553151770062,
"[49, 54]",-0.03036071338260271,
"[30, 42]",-0.03086503866803647,
"[29, 48]",-0.031198000864167685,
"[15, 36]",-0.032009728369260804,
"[44, 65]",-0.0320861156835936,
"[17, 30]",-0.033134236406055395,
"[17, 39]",-0.033134236406055395,
"[7, 56]",-0.03315766652193897,
"[26, 65]",-0.03325136914389765,
"[17, 32]",-0.03342065008415618,
"[32, 34]",-0.03342065008415618,
"[21, 62]",-0.03349734036919072,
"[24, 72]",-0.03387139127236649,
"[17, 26]",-0.034531664067764534,
"[15, 25]",-0.034759311460843434,
"[10, 14]",-0.03482657794597421,
"[7, 57]",-0.035353715944614506,
"[25, 52]",-0.03598383354323159,
"[25, 35]",-0.03598383354323159,
"[35, 52]",-0.03598383354323159,
"[7, 54]",-0.03620065502935321,
"[4, 32]",-0.03624359719337872,
"[32, 57]",-0.03624359719337872,
"[49, 64]",-0.0366960762490422,
"[31, 61]",-0.03684819061370864,
"[19, 68]",-0.03705832826154565,
"[16, 19]",-0.03705832826154565,
"[16, 68]",-0.03705832826154565,
"[7, 34]",-0.037164434852280825,
"[9, 69]",-0.03773373394066387,
"[31, 52]",-0.037922319876294686,
"[20, 59]",-0.038005129186898245,
"[2, 59]",-0.038005129186898245,
"[2, 20]",-0.038005129186898245,
"[11, 47]",-0.03804446681224061,
"[47, 53]",-0.03851684573896075,
"[43, 59]",-0.03862900005927494,
"[30, 34]",-0.039547373099852956,
"[21, 36]",-0.03961769498378037,
"[29, 64]",-0.040589672701081714,
"[18, 29]",-0.0410171075689418,
"[10, 71]",-0.041241218567834526,
"[13, 44]",-0.04212824961270434,
"[9, 21]",-0.042830454131806694,
"[15, 54]",-0.042928759525720006,
"[15, 65]",-0.042928759525720006,
"[53, 55]",-0.04370765743672833,
"[20, 26]",-0.04414190283258135,
"[11, 51]",-0.04541093928092843,
"[21, 26]",-0.04566688384273998,
"[38, 60]",-0.04571569207486498,
"[1, 6]",-0.04588231621070099,
"[21, 53]",-0.04608386460602204,
"[38, 47]",-0.04614240178999651,
"[26, 70]",-0.046226317977703824,
"[1, 8]",-0.04633516712200231,
"[17, 20]",-0.04684887895321993,
"[47, 55]",-0.0471370395357838,
"[17, 37]",-0.04748054052247219,
"[17, 31]",-0.04750850015674235,
"[22, 39]",-0.04781436381940035,
"[12, 47]",-0.047965904323939934,
"[18, 44]",-0.04956126516451339,
"[18, 53]",-0.05026632953031196,
"[47, 57]",-0.050452498688408065,
"[10, 47]",-0.050452498688408065,
"[54, 67]",-0.05075060275222154,
"[43, 48]",-0.05108535856081686,
"[43, 61]",-0.0513398010862115,
"[1, 38]",-0.051376314066869766,
"[21, 45]",-0.05142850623067141,
"[19, 45]",-0.05146188056571899,
"[3, 19]",-0.05146188056571899,
"[3, 45]",-0.05146188056571899,
"[31, 45]",-0.05147332852509506,
"[6, 67]",-0.0515007483899535,
"[15, 38]",-0.05198122412268735,
"[16, 20]",-0.0533164153434631,
"[31, 58]",-0.05372898491995648,
"[8, 49]",-0.053778836814816655,
"[54, 60]",-0.05400467076237819,
"[43, 53]",-0.05429964673538157,
"[21, 39]",-0.05474569014111125,
"[43, 66]",-0.05491290769780949,
"[31, 56]",-0.055006308443766194,
"[15, 29]",-0.05566238652385713,
"[37, 51]",-0.055726201738243386,
"[65, 68]",-0.05636073837608585,
"[2, 33]",-0.0567864054876408,
"[43, 72]",-0.057036000887319194,
"[12, 15]",-0.05703623856797346,
"[26, 32]",-0.057745471031573015,
"[17, 71]",-0.058174011486256116,
"[42, 55]",-0.058394948934057556,
"[47, 48]",-0.05927063052506826,
"[36, 37]",-0.060070987845709745,
"[11, 65]",-0.06078128177638875,
"[20, 39]",-0.06120297266279351,
"[58, 72]",-0.06129489336988703,
"[16, 54]",-0.061622362501205175,
"[39, 49]",-0.06216203950520782,
"[9, 55]",-0.06222599761763753,
"[36, 47]",-0.06238815163785549,
"[36, 48]",-0.062462091840094935,
"[8, 29]",-0.06338067841109496,
"[1, 10]",-0.06441107556991205,
"[3, 55]",-0.06484511902893225,
"[9, 31]",-0.06485688852434174,
"[28, 54]",-0.06585540169187909,
"[49, 52]",-0.06670481685231694,
"[43, 52]",-0.06670481685231694,
"[43, 49]",-0.06670481685231694,
"[11, 49]",-0.06678429014163306,
"[34, 62]",-0.06715249245424904,
"[36, 39]",-0.06720986815551233,
"[11, 15]",-0.06723623728879446,
"[47, 59]",-0.06736134036679192,
"[41, 60]",-0.0676247638541927,
"[29, 39]",-0.06829779500164407,
"[46, 54]",-0.06836987969725955,
"[23, 48]",-0.06855339985959591,
"[8, 48]",-0.06855339985959591,
"[8, 23]",-0.06855339985959591,
"[43, 70]",-0.06869764010588797,
"[37, 65]",-0.06879638021407236,
"[17, 18]",-0.06879645882976954,
"[8, 19]",-0.06908850897495805,
"[15, 44]",-0.06947300606814433,
"[18, 52]",-0.06973885070496622,
"[36, 54]",-0.06995108427699831,
"[8, 50]",-0.07105057573128604,
"[6, 8]",-0.07105057573128604,
"[6, 50]",-0.07105057573128604,
"[10, 23]",-0.07131312912808736,
"[45, 46]",-0.07210312094401401,
"[47, 62]",-0.07266607501099065,
"[21, 42]",-0.07309088890064469,
"[37, 61]",-0.07326481931638573,
"[31, 69]",-0.07360445468427364,
"[25, 45]",-0.0737588091355259,
"[20, 68]",-0.07393239286095016,
"[32, 65]",-0.07449785533746461,
"[14, 15]",-0.07452775210140317,
"[35, 37]",-0.07482515505427306,
"[30, 53]",-0.07483742957279976,
"[1, 2]",-0.07498222599128919,
"[52, 68]",-0.0749933832564747,
"[26, 47]",-0.07548421529072136,
"[32, 49]",-0.07564372517819284,
"[49, 59]",-0.07564372517819284,
"[8, 15]",-0.07596165082116295,
"[58, 60]",-0.07605174157330036,
"[10, 41]",-0.0762476575883706,
"[17, 21]",-0.07690639795551946,
"[27, 53]",-0.07805034844707298,
"[7, 63]",-0.07829035409359592,
"[14, 72]",-0.0783467281642104,
"[14, 36]",-0.07869158239553542,
"[17, 48]",-0.07894337514383465,
"[39, 72]",-0.07912797430438662,
"[23, 47]",-0.07918647801115182,
"[39, 57]",-0.07948334874540641,
"[8, 40]",-0.08002370088045113,
"[29, 61]",-0.08157440271253513,
"[2, 19]",-0.08205565943776644,
"[25, 68]",-0.0825785689479257,
"[32, 71]",-0.08260787307891171,
"[31, 57]",-0.08314887256699716,
"[58, 67]",-0.08335612991907793,
"[35, 53]",-0.0836530751311454,
"[29, 30]",-0.08398029860758127,
"[14, 70]",-0.08398743069600323,
"[7, 61]",-0.08400555451031733,
"[8, 11]",-0.08407156420509859,
"[45, 54]",-0.08416071109939816,
"[18, 71]",-0.08427076243454656,
"[19, 67]",-0.08493654721463983,
"[8, 17]",-0.08513077831262467,
"[31, 36]",-0.08519231597382881,
"[2, 12]",-0.0853916373932403,
"[16, 23]",-0.08554351581705799,
"[8, 35]",-0.08585526125630583,
"[11, 54]",-0.08633991170843007,
"[18, 62]",-0.08636624931556885,
"[42, 72]",-0.08644222519236344,
"[40, 56]",-0.08652281850548182,
"[2, 7]",-0.08715601789253946,
"[39, 47]",-0.08761780628000582,
"[4, 71]",-0.08786841735707124,
"[14, 59]",-0.08791378073874019,
"[36, 56]",-0.08814879460775604,
"[31, 68]",-0.08830589670636063,
"[10, 42]",-0.08874072210299627,
"[23, 34]",-0.08877743583802356,
"[11, 34]",-0.08877743583802356,
"[11, 23]",-0.08877743583802356,
"[8, 46]",-0.08960102506384099,
"[19, 28]",-0.09022312239126307,
"[31, 34]",-0.09026791358282954,
"[9, 58]",-0.0909581932152661,
"[10, 15]",-0.09125024125526104,
"[69, 71]",-0.09136791703273217,
"[33, 47]",-0.09189573809621154,
"[43, 65]",-0.09214906939178485,
"[39, 46]",-0.09217010348720775,
"[43, 64]",-0.09221536230594,
"[1, 12]",-0.0923526673317771,
"[41, 61]",-0.09238536683485588,
"[52, 54]",-0.09282792952038499,
"[5, 25]",-0.0929248322492941,
"[24, 46]",-0.09301292588194271,
"[2, 47]",-0.09322192175726124,
"[26, 31]",-0.09332810417494497,
"[51, 57]",-0.09353272394490908,
"[17, 23]",-0.09410064334618051,
"[8, 51]",-0.09426875987722028,
"[25, 71]",-0.09439371888529141,
"[32, 64]",-0.09491158919991816,
"[16, 36]",-0.09567230216673,
"[16, 35]",-0.09567230216673,
"[35, 36]",-0.09567230216673,
"[38, 71]",-0.09575174993036256,
"[14, 20]",-0.09603058533610642,
"[54, 68]",-0.09622187869322385,
"[12, 72]",-0.09666317248935569,
"[9, 18]",-0.0969198316501747,
"[6, 44]",-0.09767055598415758,
"[17, 22]",-0.09771898851752847,
"[59, 64]",-0.09810910557886138,
"[6, 59]",-0.09810910557886138,
"[6, 10]",-0.09820969163393534,
"[44, 53]",-0.09891426625728583,
"[29, 53]",-0.09891426625728583,
"[9, 63]",-0.09976378735140716,
"[31, 37]",-0.10007565865537227,
"[21, 52]",-0.10015842960796169,
"[19, 47]",-0.10018438597777213,
"[42, 52]",-0.10065602495722126,
"[40, 59]",-0.101214865388565,
"[1, 40]",-0.10129016953395326,
"[5, 50]",-0.10146510179900198,
"[53, 59]",-0.10157407935939916,
"[24, 68]",-0.10304028179734898,
"[36, 67]",-0.10316634763067944,
"[45, 58]",-0.10339778096631624,
"[71, 72]",-0.10373136016321022,
"[32, 68]",-0.10374733809945641,
"[53, 56]",-0.10392939681578806,
"[48, 70]",-0.1042135260182872,
"[30, 48]",-0.1042135260182872,
"[30, 70]",-0.1042135260182872,
"[5, 35]",-0.10474982085658197,
"[59, 63]",-0.10488892798379751,
"[37, 66]",-0.10543016659918947,
"[32, 33]",-0.10584054722453888,
"[41, 70]",-0.10721082611047028,
"[30, 46]",-0.10730241254661327,
"[14, 63]",-0.10823752063109088,
"[4, 35]",-0.10855490381773303,
"[30, 47]",-0.10863880681696408,
"[20, 71]",-0.10956595971219936,
"[23, 26]",-0.10966552800030216,
"[6, 12]",-0.110109402749197,
"[52, 59]",-0.11038565963214475,
"[47, 49]",-0.11115034112760591,
"[47, 70]",-0.11115034112760591,
"[49, 70]",-0.11115034112760591,
"[32, 50]",-0.11194382103238226,
"[50, 69]",-0.11222720710734495,
"[62, 63]",-0.11247032100442667,
"[9, 40]",-0.1126333639012635,
"[18, 42]",-0.11272308594928682,
"[39, 66]",-0.11416636708726208,
"[10, 66]",-0.11416636708726208,
"[10, 39]",-0.11416636708726208,
"[8, 47]",-0.1160985899103687,
"[37, 70]",-0.11748671455170534,
"[48, 59]",-0.11755131886002397,
"[10, 33]",-0.11809741012942913,
"[42, 45]",-0.11830855642689064,
"[20, 36]",-0.11915965325713046,
"[17, 45]",-0.11982058889663676,
"[1, 18]",-0.11989705079741325,
"[11, 16]",-0.12007167902960625,
"[15, 42]",-0.12016905164619857,
"[8, 68]",-0.12051362394285475,
"[48, 50]",-0.1208573240287843,
"[9, 51]",-0.12128750073554788,
"[54, 65]",-0.12136068717504522,
"[26, 43]",-0.12166440233756765,
"[14, 38]",-0.12206133770721983,
"[47, 50]",-0.12239796230035477,
"[40, 47]",-0.12239796230035477,
"[40, 50]",-0.12239796230035477,
"[47, 60]",-0.12272950821561723,
"[31, 50]",-0.12311799507859644,
"[8, 28]",-0.12319979830779465,
"[7, 47]",-0.1232268270885109,
"[59, 72]",-0.12399505230903185,
"[17, 59]",-0.12399505230903185,
"[17, 72]",-0.12399505230903185,
"[30, 67]",-0.12399506394373272,
"[6, 39]",-0.12457302333545062,
"[8, 66]",-0.12509659638286447,
"[5, 47]",-0.1251150790135777,
"[36, 61]",-0.12619364134474226,
"[47, 71]",-0.12621074032587276,
"[6, 20]",-0.12677214202697784,
"[7, 55]",-0.12679601656610523,
"[52, 58]",-0.12679875209014457,
"[52, 62]",-0.12679875209014457,
"[23, 38]",-0.12691351656910602,
"[24, 40]",-0.12693923919434458,
"[21, 44]",-0.12702994636805182,
"[40, 43]",-0.12713228194703685,
"[26, 27]",-0.12788927571963304,
"[31, 42]",-0.1283296821099742,
"[5, 33]",-0.1283997980711576,
"[5, 49]",-0.1283997980711576,
"[33, 49]",-0.1283997980711576,
"[44, 71]",-0.12857706072912584,
"[8, 39]",-0.12877038576997585,
"[8, 53]",-0.12877038576997585,
"[39, 53]",-0.12877038576997585,
"[3, 36]",-0.12927667097252915,
"[37, 48]",-0.12928667423057855,
"[36, 53]",-0.12931807840174694,
"[10, 30]",-0.1297926243307264,
"[18, 31]",-0.13059467705835598,
"[15, 69]",-0.13090585830597878,
"[18, 23]",-0.13107208314478536,
"[63, 68]",-0.13148502713170224,
"[38, 54]",-0.13155907329919986,
"[59, 69]",-0.13163053820780657,
"[7, 68]",-0.13163352133776957,
"[40, 52]",-0.13181127142861915,
"[6, 64]",-0.13189573881376931,
"[9, 53]",-0.13222084332231954,
"[30, 37]",-0.13237035884735726,
"[15, 21]",-0.13243952384984775,
"[9, 38]",-0.13316207935227337,
"[4, 21]",-0.13317638593952058,
"[63, 66]",-0.13330712890742302,
"[37, 59]",-0.13375075875986092,
"[22, 30]",-0.13376818518780417,
"[39, 71]",-0.133787172210813,
"[9, 67]",-0.13411036929449982,
"[35, 39]",-0.13416151096285373,
"[35, 59]",-0.13423651684433635,
"[42, 59]",-0.13452072493368789,
"[4, 47]",-0.13453197251635107,
"[4, 61]",-0.13453197251635107,
"[47, 61]",-0.13453197251635107,
"[49, 65]",-0.1345669450947558,
"[7, 33]",-0.13466923804437186,
"[13, 40]",-0.13484706681946956,
"[18, 19]",-0.13499012015403528,
"[13, 61]",-0.13514367163957108,
"[1, 23]",-0.1357870331051333,
"[27, 42]",-0.13581888484855015,
"[15, 47]",-0.13643340604646428,
"[11, 19]",-0.1366961309346712,
"[25, 58]",-0.13682841232230913,
"[24, 50]",-0.13694255311992404,
"[13, 36]",-0.13733033752577856,
"[17, 67]",-0.13733400105466986,
"[6, 13]",-0.1374235427877727,
"[17, 34]",-0.13764651635194652,
"[59, 65]",-0.13809164477771563,
"[15, 27]",-0.13810454263597885,
"[15, 43]",-0.13839728673014373,
"[5, 8]",-0.13858242714965552,
"[19, 26]",-0.1392746540577432,
"[29, 33]",-0.13937710699389672,
"[24, 57]",-0.13976094630003388,
"[35, 43]",-0.13992242824026677,
"[45, 59]",-0.13994420286292264,
"[45, 65]",-0.13994420286292264,
"[36, 52]",-0.14005349419110613,
"[27, 47]",-0.141130306512682,
"[30, 71]",-0.14116789670614777,
"[24, 38]",-0.14127519861973686,
"[21, 49]",-0.14133149829537694,
"[55, 60]",-0.1418439733282548,
"[8, 25]",-0.14198713975975058,
"[51, 52]",-0.14223629491377204,
"[9, 47]",-0.1426222631313629,
"[9, 46]",-0.14284172844111953,
"[16, 62]",-0.14286826149196652,
"[25, 49]",-0.14298560313473924,
"[4, 49]",-0.14298560313473924,
"[50, 52]",-0.14315677696371537,
"[4, 36]",-0.14384043331320318,
"[36, 43]",-0.14384043331320318,
"[4, 43]",-0.14384043331320318,
"[1, 51]",-0.14458104349130319,
"[48, 51]",-0.1446220994809327,
"[47, 68]",-0.14560617636872475,
"[65, 67]",-0.14592552875518555,
"[12, 59]",-0.14615424807589766,
"[59, 68]",-0.14621941222269058,
"[50, 61]",-0.14663316335121035,
"[2, 50]",-0.14663316335121035,
"[2, 61]",-0.14663316335121035,
"[38, 39]",-0.14685505224371237,
"[45, 47]",-0.14693236002977444,
"[9, 13]",-0.14741871611083412,
"[21, 28]",-0.14756751900717863,
"[55, 71]",-0.1487408716670184,
"[29, 71]",-0.14955126050335227,
"[14, 45]",-0.15175767084932706,
"[6, 25]",-0.15189303598858273,
"[16, 50]",-0.15225052565722313,
"[35, 44]",-0.1538325193680602,
"[9, 61]",-0.15391504602308795,
"[3, 31]",-0.1544515453470347,
"[12, 57]",-0.15522644172155586,
"[15, 22]",-0.15555980087750476,
"[11, 28]",-0.15617647422432634,
"[8, 24]",-0.15684640389435267,
"[55, 69]",-0.15691781412102962,
"[58, 61]",-0.1570611330056918,
"[18, 66]",-0.157152333463964,
"[29, 46]",-0.15729250990816995,
"[12, 46]",-0.15729250990816995,
"[12, 29]",-0.15729250990816995,
"[7, 26]",-0.1577245230070599,
"[24, 65]",-0.1579560315934196,
"[10, 65]",-0.1579560315934196,
"[10, 24]",-0.1579560315934196,
"[22, 53]",-0.1580951135062233,
"[33, 60]",-0.1587543625561182,
"[53, 71]",-0.15952311395380725,
"[15, 55]",-0.15953693553232434,
"[34, 36]",-0.16109167903252392,
"[2, 28]",-0.1615753105469443,
"[41, 68]",-0.16209093830640486,
"[12, 23]",-0.16210544460510273,
"[63, 71]",-0.1631942976674604,
"[61, 70]",-0.16353528940506967,
"[8, 32]",-0.1636244526889401,
"[16, 37]",-0.16405810166339277,
"[3, 4]",-0.16452691977386497,
"[1, 62]",-0.1646727912956551,
"[46, 63]",-0.16476552452571974,
"[7, 8]",-0.16482729121529,
"[5, 52]",-0.1650244155631742,
"[21, 46]",-0.16516431635543843,
"[2, 24]",-0.16529690787729634,
"[21, 47]",-0.1664935690302577,
"[28, 52]",-0.1669741468695623,
"[17, 41]",-0.16709350844723136,
"[51, 71]",-0.16737583145971974,
"[19, 54]",-0.16744971959584007,
"[12, 71]",-0.1674909315753858,
"[45, 71]",-0.1678861862841992,
"[23, 44]",-0.1680899551687256,
"[14, 65]",-0.16860179598466896,
"[26, 69]",-0.1687954101141802,
"[38, 67]",-0.16908970605083573,
"[11, 60]",-0.16919506213898133,
"[1, 32]",-0.16920634987237315,
"[13, 32]",-0.1695555425422126,
"[7, 66]",-0.16956062702863928,
"[12, 34]",-0.16988040481055572,
"[11, 42]",-0.16989076195565322,
"[38, 50]",-0.17037507279245961,
"[15, 45]",-0.17073406963377635,
"[23, 24]",-0.17077948559366285,
"[30, 36]",-0.17090194028604697,
"[7, 40]",-0.17121550267178348,
"[7, 12]",-0.17180143673296439,
"[36, 51]",-0.17220913312434577,
"[3, 48]",-0.1725207998894937,
"[21, 48]",-0.17265937195265224,
"[11, 44]",-0.1726908303844184,
"[38, 56]",-0.1728224402755703,
"[29, 56]",-0.1728224402755703,
"[29, 38]",-0.1728224402755703,
"[53, 67]",-0.17332410632768447,
"[32, 52]",-0.17349734119713245,
"[35, 71]",-0.1735716780645924,
"[29, 54]",-0.17433381559019234,
"[7, 24]",-0.1744366036003627,
"[14, 68]",-0.1744969456609507,
"[45, 61]",-0.17455153469351625,
"[9, 68]",-0.17457776029304004,
"[22, 47]",-0.17466731399602314,
"[2, 5]",-0.17478915092862057,
"[40, 68]",-0.17481265176311117,
"[22, 38]",-0.17493683311128283,
"[10, 40]",-0.1749831351569836,
"[38, 40]",-0.1749831351569836,
"[10, 38]",-0.1749831351569836,
"[54, 59]",-0.17506313852106764,
"[7, 19]",-0.17519936070907755,
"[10, 43]",-0.1753060594050172,
"[15, 63]",-0.17591577459777674,
"[8, 55]",-0.17646707145763196,
"[55, 67]",-0.17646707145763196,
"[8, 67]",-0.17646707145763196,
"[9, 34]",-0.1767770917870236,
"[32, 42]",-0.1769805561894885,
"[12, 32]",-0.1769805561894885,
"[12, 42]",-0.1769805561894885,
"[18, 45]",-0.17764481441258317,
"[4, 54]",-0.17768867182435333,
"[8, 36]",-0.1780723988037185,
"[40, 48]",-0.17861210790899468,
"[36, 49]",-0.17893299608072866,
"[27, 59]",-0.1789693146570117,
"[48, 62]",-0.17944740584696856,
"[47, 67]",-0.17953437503057978,
"[30, 35]",-0.17972163078533115,
"[45, 63]",-0.17981355507441826,
"[60, 67]",-0.18005120836929767,
"[11, 17]",-0.18014847927498634,
"[20, 65]",-0.18103743782265547,
"[8, 33]",-0.1818482850914942,
"[20, 31]",-0.18188025200809632,
"[3, 15]",-0.18203185594267673,
"[22, 36]",-0.182904958515827,
"[34, 57]",-0.18315036327324963,
"[4, 69]",-0.18338869201744812,
"[4, 38]",-0.18347798986361125,
"[13, 55]",-0.18379996778838914,
"[47, 72]",-0.1840842074987965,
"[13, 29]",-0.18408586636984947,
"[54, 57]",-0.1848475399199851,
"[15, 39]",-0.18524969060021212,
"[42, 47]",-0.18525849755150242,
"[3, 9]",-0.185776399388626,
"[36, 50]",-0.18623886059677836,
"[4, 5]",-0.1863750894374439,
"[5, 42]",-0.1863750894374439,
"[4, 42]",-0.1863750894374439,
"[4, 53]",-0.18663680769264668,
"[52, 70]",-0.18672228957856019,
"[13, 39]",-0.1869827617324844,
"[32, 46]",-0.18791036701129527,
"[7, 64]",-0.1880292529267128,
"[64, 71]",-0.18835003123394617,
"[24, 43]",-0.1886897941531585,
"[30, 63]",-0.18877050458738587,
"[24, 35]",-0.1894161924179953,
"[56, 65]",-0.18962025498458474,
"[46, 70]",-0.18990505865471036,
"[13, 52]",-0.19024633965906967,
"[20, 55]",-0.19027518156923776,
"[33, 59]",-0.19036338322141533,
"[9, 17]",-0.19042765260405908,
"[18, 24]",-0.1906831349458084,
"[5, 22]",-0.19113793207093488,
"[5, 69]",-0.19113793207093488,
"[22, 69]",-0.19113793207093488,
"[24, 55]",-0.1911543629549612,
"[21, 25]",-0.19189121913303026,
"[14, 40]",-0.1919154288950991,
"[18, 64]",-0.19217672614216352,
"[48, 66]",-0.19254672964930142,
"[34, 56]",-0.19280033474570601,
"[28, 68]",-0.19280101252100518,
"[24, 29]",-0.19286635765877114,
"[20, 41]",-0.19287266542699344,
"[43, 50]",-0.19355094166581627,
"[17, 69]",-0.19379812818996178,
"[50, 67]",-0.1944906096512357,
"[39, 56]",-0.19451891637790336,
"[23, 54]",-0.1946846120211333,
"[65, 71]",-0.1947253138583016,
"[23, 71]",-0.1947253138583016,
"[23, 65]",-0.1947253138583016,
"[43, 45]",-0.1948279697317823,
"[36, 42]",-0.19533179373383075,
"[7, 20]",-0.19590416200913785,
"[7, 25]",-0.19590416200913785,
"[20, 25]",-0.19590416200913785,
"[5, 57]",-0.19606501065730475,
"[5, 21]",-0.19606501065730475,
"[21, 57]",-0.19606501065730475,
"[24, 70]",-0.19611234909659836,
"[19, 20]",-0.1961730914656978,
"[19, 58]",-0.19621846223695572,
"[9, 60]",-0.19683593752711287,
"[4, 8]",-0.19762109194657407,
"[29, 67]",-0.1976335747811832,
"[58, 62]",-0.1978300054181803,
"[26, 54]",-0.19807856119397216,
"[43, 67]",-0.19811999586684803,
"[28, 47]",-0.19819984884362324,
"[42, 44]",-0.19824121049837845,
"[45, 55]",-0.1982513786070929,
"[17, 52]",-0.19848856242155666,
"[40, 71]",-0.19852854995048974,
"[16, 17]",-0.19866615636256835,
"[33, 54]",-0.19869316492524736,
"[39, 59]",-0.19933061031661314,
"[2, 65]",-0.1994271258586039,
"[44, 59]",-0.19952291633751024,
"[41, 69]",-0.2001081577419134,
"[35, 58]",-0.20029756046170133,
"[38, 63]",-0.20056061180659585,
"[25, 40]",-0.20073006832158302,
"[29, 31]",-0.20174860327045935,
"[12, 35]",-0.20251431628477778,
"[38, 58]",-0.20274781044824464,
"[9, 66]",-0.20304556318291977,
"[67, 72]",-0.20317926310075213,
"[53, 54]",-0.20324275836389216,
"[31, 62]",-0.20343919743235667,
"[8, 13]",-0.20345435165572662,
"[34, 71]",-0.20347820280212314,
"[11, 22]",-0.2039850735760011,
"[34, 53]",-0.2044538784637559,
"[21, 63]",-0.2048831633507504,
"[19, 60]",-0.20494878817781487,
"[15, 28]",-0.20505783011830014,
"[3, 47]",-0.2051739258108742,
"[13, 30]",-0.20553272238687376,
"[13, 14]",-0.20572566241495782,
"[32, 36]",-0.20594491263859271,
"[19, 46]",-0.2060726462531947,
"[3, 17]",-0.2063354799523544,
"[23, 46]",-0.2063809069895588,
"[31, 63]",-0.206409654222323,
"[32, 63]",-0.20647690368471416,
"[4, 19]",-0.20655884285946025,
"[8, 65]",-0.20678992132815455,
"[9, 30]",-0.20690717367416833,
"[18, 65]",-0.20696570516856927,
"[39, 69]",-0.2073906998569779,
"[35, 50]",-0.20764988120198546,
"[10, 29]",-0.20767744972663055,
"[3, 62]",-0.20777104869082952,
"[42, 62]",-0.20781655092085782,
"[34, 49]",-0.20801508878919966,
"[61, 63]",-0.2081965740101296,
"[12, 18]",-0.2082532120100874,
"[21, 37]",-0.20943291304335987,
"[2, 62]",-0.20993697432006597,
"[10, 55]",-0.21016615695431123,
"[14, 26]",-0.21035295454074981,
"[6, 57]",-0.21150488059526368,
"[6, 23]",-0.21150488059526368,
"[23, 57]",-0.21150488059526368,
"[50, 62]",-0.21176968062172757,
"[33, 62]",-0.21176968062172757,
"[33, 50]",-0.21176968062172757,
"[20, 21]",-0.21186963167687162,
"[47, 58]",-0.2127768085182839,
"[50, 71]",-0.2130927028611182,
"[65, 72]",-0.21314253191327232,
"[3, 68]",-0.2132373692973457,
"[33, 43]",-0.2140379503119087,
"[62, 65]",-0.21426882557853882,
"[4, 70]",-0.2146695134192102,
"[43, 58]",-0.21468944867201237,
"[12, 43]",-0.21468944867201237,
"[1, 71]",-0.21485186931410544,
"[27, 39]",-0.21516346950853643,
"[38, 65]",-0.21535483838006747,
"[7, 42]",-0.21597718138463345,
"[22, 43]",-0.21630461493648984,
"[5, 61]",-0.21643026881430055,
"[38, 53]",-0.21691077240158146,
"[9, 23]",-0.2169143668750626,
"[43, 68]",-0.21860700451294046,
"[10, 13]",-0.21891995414555346,
"[38, 59]",-0.21970847138435906,
"[36, 65]",-0.2197111920735526,
"[12, 38]",-0.22005409657352282,
"[13, 47]",-0.22064606852312083,
"[34, 47]",-0.2211986450485582,
"[28, 39]",-0.2216920825717718,
"[18, 34]",-0.2218222002621303,
"[45, 64]",-0.222716832596341,
"[36, 60]",-0.2229239669055627,
"[44, 51]",-0.22293959810792274,
"[5, 15]",-0.22316394288233954,
"[57, 69]",-0.22369472594632206,
"[29, 43]",-0.22396349938229676,
"[24, 59]",-0.2239738614911373,
"[62, 70]",-0.2239879754809012,
"[5, 51]",-0.22431359455249245,
"[28, 53]",-0.22431854348547786,
"[9, 54]",-0.2244442859234448,
"[37, 54]",-0.2244442859234448,
"[9, 37]",-0.2244442859234448,
"[46, 55]",-0.22452319079955851,
"[30, 55]",-0.22454212747843733,
"[26, 64]",-0.2246862944778399,
"[11, 66]",-0.22479867796569805,
"[18, 38]",-0.2248379687037113,
"[18, 25]",-0.2248379687037113,
"[3, 8]",-0.22575056479581673,
"[24, 36]",-0.22604814477199553,
"[38, 42]",-0.22649705550173427,
"[43, 56]",-0.2272580503763595,
"[40, 46]",-0.2272738588813064,
"[39, 70]",-0.22750345124876503,
"[7, 50]",-0.2275933791590276,
"[45, 70]",-0.22785697610283567,
"[29, 47]",-0.2284926551843316,
"[33, 61]",-0.2292412775799475,
"[14, 22]",-0.2299893359063157,
"[11, 27]",-0.23099404124341194,
"[39, 65]",-0.231036695793767,
"[23, 70]",-0.23104101872946287,
"[15, 23]",-0.23150997690780373,
"[3, 54]",-0.23242691931344256,
"[34, 70]",-0.23304138643695416,
"[32, 51]",-0.23332085350607773,
"[54, 69]",-0.23336985834271212,
"[9, 52]",-0.23361204879917746,
"[6, 15]",-0.2336889073446457,
"[40, 62]",-0.23392876590545408,
"[38, 52]",-0.23421705852685964,
"[15, 71]",-0.23479312148425935,
"[6, 68]",-0.23511846896346267,
"[17, 27]",-0.23516639161221464,
"[61, 68]",-0.23532859709409715,
"[22, 29]",-0.23570573857569527,
"[53, 68]",-0.23641945486794058,
"[12, 60]",-0.23698813432667915,
"[39, 64]",-0.23711688318662583,
"[47, 63]",-0.23761016785404832,
"[3, 44]",-0.23817441347528012,
"[3, 20]",-0.23817441347528012,
"[20, 44]",-0.23817441347528012,
"[21, 38]",-0.23820003010925828,
"[56, 72]",-0.23837991606068082,
"[32, 66]",-0.23864574487465307,
"[30, 32]",-0.23864574487465307,
"[30, 66]",-0.23864574487465307,
"[43, 57]",-0.23891669075368693,
"[32, 54]",-0.23928981185701725,
"[30, 40]",-0.2406096362069745,
"[4, 22]",-0.24103605521716115,
"[16, 58]",-0.2412240645528938,
"[24, 69]",-0.2413867897980697,
"[12, 51]",-0.24151278328715425,
"[4, 18]",-0.24213337783140682,
"[34, 65]",-0.2421547510831893,
"[30, 54]",-0.24219723014711514,
"[7, 32]",-0.2421994267575267,
"[11, 72]",-0.24286450298771428,
"[26, 38]",-0.24322036017843873,
"[30, 60]",-0.24372477546519056,
"[35, 47]",-0.24473840503219052,
"[62, 71]",-0.24475839405163619,
"[2, 63]",-0.24530048210357197,
"[34, 50]",-0.24592057631181785,
"[42, 58]",-0.2462074398742768,
"[14, 35]",-0.24644757962398078,
"[64, 69]",-0.24711304377496723,
"[63, 67]",-0.24720037114182047,
"[3, 35]",-0.24848761809868153,
"[5, 12]",-0.24853109377129068,
"[26, 55]",-0.24872563808392412,
"[19, 22]",-0.24882308686251114,
"[41, 72]",-0.24892294444348867,
"[50, 55]",-0.24896315951072062,
"[33, 36]",-0.24905346545099488,
"[25, 72]",-0.24948836313352885,
"[40, 49]",-0.25016508410837957,
"[11, 25]",-0.2502416784249651,
"[14, 55]",-0.25035605660055416,
"[27, 66]",-0.25079582277768364,
"[16, 59]",-0.25087812565431833,
"[1, 16]",-0.25087812565431833,
"[1, 59]",-0.25087812565431833,
"[4, 44]",-0.25183534955196873,
"[5, 70]",-0.2520694705890431,
"[7, 53]",-0.252282038496382,
"[55, 61]",-0.2531560461078675,
"[10, 72]",-0.2531912213019518,
"[23, 72]",-0.2531912213019518,
"[36, 63]",-0.2532532799461333,
"[12, 20]",-0.2534147854735136,
"[11, 12]",-0.2538041565020481,
"[33, 53]",-0.2538783634654616,
"[17, 36]",-0.2539799110732051,
"[34, 43]",-0.25470930208984965,
"[14, 61]",-0.25495781143395607,
"[1, 4]",-0.2550383874653502,
"[4, 66]",-0.2550383874653502,
"[1, 66]",-0.2550383874653502,
"[9, 72]",-0.2551486044536115,
"[3, 43]",-0.256074346433162,
"[14, 67]",-0.2562512062768359,
"[9, 24]",-0.25671248112326184,
"[1, 49]",-0.25692391712228163,
"[27, 32]",-0.256983485877197,
"[28, 49]",-0.25700339041159775,
"[23, 55]",-0.2584265105780848,
"[12, 50]",-0.2584353050602066,
"[31, 55]",-0.25911350916687725,
"[22, 72]",-0.2594138436364657,
"[62, 66]",-0.2597532637925038,
"[28, 59]",-0.26006759481092145,
"[5, 58]",-0.260117032280114,
"[26, 30]",-0.260819752042734,
"[38, 66]",-0.2610595666864605,
"[43, 69]",-0.2614084183018398,
"[27, 51]",-0.26222616726008025,
"[63, 70]",-0.2622546480699246,
"[32, 59]",-0.26239371320350785,
"[62, 69]",-0.2631488186117762,
"[35, 48]",-0.26333658610920885,
"[2, 45]",-0.26346696437682116,
"[51, 66]",-0.2636681559263973,
"[51, 69]",-0.2636681559263973,
"[66, 69]",-0.2636681559263973,
"[32, 37]",-0.26430520070071034,
"[4, 46]",-0.2647066571230928,
"[27, 49]",-0.2649130950061141,
"[34, 60]",-0.2649230123438289,
"[43, 62]",-0.2649815249134378,
"[47, 65]",-0.265294251778461,
"[26, 71]",-0.26549949330594363,
"[35, 70]",-0.2655166066150402,
"[2, 64]",-0.26554903664420837,
"[10, 44]",-0.26640636682789004,
"[25, 51]",-0.26712788275832844,
"[51, 65]",-0.26712788275832844,
"[25, 65]",-0.26712788275832844,
"[1, 67]",-0.26738012200807215,
"[4, 39]",-0.26749028123943863,
"[16, 22]",-0.26750091464112535,
"[13, 34]",-0.26827816501582286,
"[31, 51]",-0.2683460532704617,
"[6, 62]",-0.26875018563702435,
"[43, 54]",-0.26955057911446956,
"[46, 69]",-0.26980341922217643,
"[12, 28]",-0.2699897804849221,
"[40, 63]",-0.2702343663306385,
"[9, 71]",-0.2718715939604123,
"[1, 53]",-0.27201094845891505,
"[28, 70]",-0.27208122158287323,
"[32, 62]",-0.27241521844215744,
"[37, 56]",-0.27253003852799657,
"[22, 49]",-0.27254636931694975,
"[22, 24]",-0.27254636931694975,
"[24, 49]",-0.27254636931694975,
"[17, 28]",-0.2729080703890399,
"[29, 58]",-0.27300861094957984,
"[29, 70]",-0.2739700260688965,
"[35, 66]",-0.2741791492855111,
"[23, 42]",-0.27425898875669036,
"[10, 62]",-0.2749147431971588,
"[61, 69]",-0.27499618623934186,
"[47, 56]",-0.27507485627870254,
"[27, 30]",-0.27513359064790444,
"[1, 34]",-0.2757027818357749,
"[27, 55]",-0.2757360938927116,
"[31, 47]",-0.2759037210668587,
"[39, 58]",-0.2761318985662701,
"[1, 47]",-0.2762352669821211,
"[13, 23]",-0.27651878499515437,
"[13, 51]",-0.27651878499515437,
"[23, 51]",-0.27651878499515437,
"[7, 10]",-0.2768511072973188,
"[28, 69]",-0.2771395907500108,
"[7, 46]",-0.27824798288467084,
"[7, 62]",-0.27824798288467084,
"[53, 69]",-0.2783908888022822,
"[26, 29]",-0.2787567617188832,
"[28, 31]",-0.27918239368289327,
"[4, 57]",-0.2793138877054418,
"[29, 40]",-0.27940108197025243,
"[6, 69]",-0.2794015863978192,
"[24, 25]",-0.2794486619706652,
"[16, 33]",-0.27973187579110403,
"[60, 72]",-0.2801092182426596,
"[31, 64]",-0.2805647720187223,
"[32, 53]",-0.2808977156132433,
"[3, 63]",-0.2809700942748687,
"[11, 63]",-0.2809700942748687,
"[3, 11]",-0.2809700942748687,
"[67, 68]",-0.28104709581599946,
"[42, 66]",-0.2813487829905256,
"[4, 15]",-0.2815404270269522,
"[61, 67]",-0.2819009127059877,
"[30, 45]",-0.28226559136548046,
"[33, 63]",-0.2826897646002841,
"[19, 64]",-0.2840312357289799,
"[35, 56]",-0.2840684058380396,
"[32, 67]",-0.2846227275390738,
"[3, 10]",-0.28474360585796216,
"[13, 33]",-0.28480221351334195,
"[25, 47]",-0.28485546077894425,
"[51, 72]",-0.2848566422529975,
"[19, 51]",-0.2849888370060462,
"[30, 38]",-0.286116553304496,
"[41, 47]",-0.28637235734379873,
"[5, 37]",-0.28639478474075364,
"[11, 26]",-0.28686345902629856,
"[18, 43]",-0.28727539255186635,
"[52, 56]",-0.2873400307412016,
"[3, 26]",-0.287386408571113,
"[44, 72]",-0.2876641778285692,
"[6, 56]",-0.2878802588924475,
"[65, 66]",-0.2882153445979353,
"[5, 28]",-0.2885209213760704,
"[63, 64]",-0.28885074721782933,
"[61, 62]",-0.2895763936104516,
"[34, 52]",-0.28994054760832016,
"[20, 34]",-0.28994054760832016,
"[20, 52]",-0.28994054760832016,
"[3, 39]",-0.28994555237309266,
"[48, 67]",-0.2899595522663266,
"[23, 63]",-0.2900894613173302,
"[23, 30]",-0.2900894613173302,
"[5, 65]",-0.29066491951560763,
"[35, 51]",-0.29076626564813074,
"[58, 65]",-0.2910845483702805,
"[14, 43]",-0.29134805166230027,
"[45, 49]",-0.2914936132379135,
"[42, 46]",-0.2921029573842638,
"[22, 44]",-0.292265053044262,
"[12, 63]",-0.292667057433977,
"[6, 26]",-0.2928234952133751,
"[10, 34]",-0.2928925778176435,
"[1, 48]",-0.29302260797848523,
"[32, 38]",-0.2932835817313864,
"[56, 71]",-0.2935845219260782,
"[18, 63]",-0.2935951359008569,
"[45, 48]",-0.29372185807114837,
"[37, 72]",-0.2937495836524078,
"[28, 46]",-0.2942115866891002,
"[39, 62]",-0.2944787929333551,
"[21, 66]",-0.29478615541545594,
"[5, 71]",-0.29542776214909855,
"[22, 45]",-0.29554527673461145,
"[61, 65]",-0.29604088980915977,
"[42, 70]",-0.2972328719670506,
"[12, 55]",-0.2977507450093365,
"[6, 55]",-0.2977842670641025,
"[20, 69]",-0.2978419791813041,
"[43, 47]",-0.29795152443181006,
"[37, 69]",-0.29812764203650827,
"[24, 47]",-0.2984488433047038,
"[3, 40]",-0.29931847535012657,
"[55, 56]",-0.29943741898755183,
"[17, 50]",-0.29964516117477236,
"[51, 68]",-0.29974321639154256,
"[60, 62]",-0.2999061927652714,
"[4, 60]",-0.2999061927652714,
"[4, 62]",-0.2999061927652714,
"[21, 69]",-0.2999853836919731,
"[43, 60]",-0.30023733937380465,
"[22, 34]",-0.30061590199204874,
"[5, 59]",-0.3007581267868121,
"[13, 27]",-0.30106624786469394,
"[4, 30]",-0.3011429329465362,
"[22, 48]",-0.3017078142096509,
"[2, 34]",-0.301853886605894,
"[40, 55]",-0.3022533214086449,
"[32, 55]",-0.30265727316637125,
"[22, 25]",-0.30290615369542184,
"[12, 25]",-0.30290615369542184,
"[12, 22]",-0.30290615369542184,
"[34, 66]",-0.30379200109052656,
"[7, 28]",-0.30413377236310085,
"[18, 33]",-0.30497981648320627,
"[24, 66]",-0.3052849889490743,
"[61, 66]",-0.3055124166785026,
"[17, 51]",-0.30582026430918946,
"[5, 17]",-0.3061030990862334,
"[27, 72]",-0.306181394563924,
"[4, 11]",-0.3063134382237819,
"[26, 39]",-0.3063684433848774,
"[46, 71]",-0.3067179276392298,
"[28, 43]",-0.30690614777201275,
"[50, 65]",-0.30723576005059905,
"[10, 28]",-0.30763572024804225,
"[2, 27]",-0.30769932394096444,
"[53, 63]",-0.30911172483729327,
"[24, 61]",-0.30936131401735856,
"[14, 62]",-0.3097361629287291,
"[32, 39]",-0.310035966037278,
"[38, 51]",-0.3105898678566646,
"[38, 48]",-0.3110827945844859,
"[33, 37]",-0.3113769607398262,
"[7, 51]",-0.3118807424570712,
"[4, 45]",-0.3120757811129705,
"[24, 32]",-0.3120879426487495,
"[16, 29]",-0.31258843297589944,
"[29, 68]",-0.3128020907552463,
"[68, 70]",-0.3128020907552463,
"[39, 60]",-0.3131555308296839,
"[35, 68]",-0.3135043923455409,
"[16, 26]",-0.31377235402502623,
"[15, 66]",-0.31485690801826377,
"[18, 35]",-0.3158390003832329,
"[54, 58]",-0.3158778827363887,
"[23, 52]",-0.316060102750294,
"[3, 52]",-0.316060102750294,
"[3, 23]",-0.316060102750294,
"[29, 44]",-0.31632419801690526,
"[17, 65]",-0.31677638521821816,
"[35, 62]",-0.3167893053623964,
"[32, 35]",-0.3168898210866053,
"[6, 22]",-0.31691434031952564,
"[1, 42]",-0.31696821432129735,
"[1, 31]",-0.31699982546293787,
"[6, 65]",-0.31722714103882704,
"[25, 46]",-0.31788310432025163,
"[17, 64]",-0.31823028229690814,
"[48, 64]",-0.31840204275403283,
"[1, 68]",-0.31891090610325007,
"[7, 30]",-0.3202843812454318,
"[10, 18]",-0.320663700798412,
"[22, 52]",-0.3208984030217977,
"[5, 48]",-0.32104857079822235,
"[39, 48]",-0.32104857079822235,
"[5, 39]",-0.32104857079822235,
"[2, 22]",-0.32107949678099185,
"[11, 36]",-0.3217815974581051,
"[6, 61]",-0.3220305848810176,
"[12, 67]",-0.32267764352878725,
"[16, 51]",-0.32271721932557146,
"[11, 53]",-0.3227937063602821,
"[1, 52]",-0.3248400974607015,
"[24, 45]",-0.32522206414769395,
"[5, 34]",-0.3258114134317132,
"[44, 69]",-0.3259973395070239,
"[13, 65]",-0.32609624259195674,
"[5, 43]",-0.3261398853374712,
"[34, 68]",-0.3267393159246823,
"[22, 71]",-0.3268744970752059,
"[17, 55]",-0.3272276236031596,
"[4, 68]",-0.32735255177864814,
"[28, 62]",-0.3274800915960435,
"[25, 70]",-0.3282100561506907,
"[4, 51]",-0.3286638470392521,
"[28, 30]",-0.3289392365481025,
"[20, 62]",-0.32931398876925166,
"[14, 64]",-0.32942195867351687,
"[17, 63]",-0.32959911102736106,
"[22, 66]",-0.3310396535366722,
"[28, 72]",-0.3311279539761909,
"[52, 55]",-0.3316790668918963,
"[16, 46]",-0.331780640347251,
"[13, 17]",-0.3319180578347545,
"[23, 31]",-0.3322262307795957,
"[16, 60]",-0.33244486393093486,
"[9, 50]",-0.33274793068256425,
"[43, 63]",-0.33311030872710357,
"[20, 43]",-0.33311030872710357,
"[20, 63]",-0.33311030872710357,
"[23, 60]",-0.3332800196736703,
"[11, 13]",-0.3336520592024074,
"[13, 24]",-0.3344546377200478,
"[25, 42]",-0.3345241605700625,
"[13, 25]",-0.3345241605700625,
"[13, 42]",-0.3345241605700625,
"[56, 69]",-0.33589785572375896,
"[13, 18]",-0.33589926339033277,
"[29, 32]",-0.3360021723847958,
"[48, 69]",-0.3362427948329678,
"[67, 69]",-0.33630085992449155,
"[13, 20]",-0.3363668363724621,
"[3, 60]",-0.3364994700347027,
"[23, 64]",-0.336628788252535,
"[16, 43]",-0.3366683362960715,
"[48, 60]",-0.33743859610643917,
"[64, 65]",-0.33777736095478367,
"[10, 26]",-0.3389270542628968,
"[34, 41]",-0.3398810718128833,
"[3, 14]",-0.3400350447579786,
"[30, 65]",-0.340036293260762,
"[14, 29]",-0.34035526219444917,
"[3, 24]",-0.3406499987752614,
"[24, 67]",-0.3409318936615355,
"[17, 56]",-0.3409643211642518,
"[15, 48]",-0.3410614899900402,
"[59, 60]",-0.3410991414144534,
"[15, 46]",-0.3411091994951775,
"[41, 43]",-0.3412524695397333,
"[55, 66]",-0.34143893302406086,
"[6, 34]",-0.3420825998401107,
"[3, 22]",-0.34208637284751764,
"[47, 64]",-0.3423786770769754,
"[13, 54]",-0.34238046003145717,
"[13, 59]",-0.34271051423898247,
"[29, 52]",-0.3427660416212565,
"[9, 29]",-0.3427660416212565,
"[17, 35]",-0.3427827377571104,
"[18, 55]",-0.3434174545873162,
"[65, 69]",-0.3434575804939356,
"[6, 28]",-0.34455208753513294,
"[28, 67]",-0.3448439165255447,
"[21, 35]",-0.34534587625310925,
"[21, 43]",-0.3455738246848853,
"[46, 62]",-0.34564133028374033,
"[4, 10]",-0.3457461559691779,
"[9, 35]",-0.3460503142835592,
"[33, 65]",-0.3466049534210423,
"[52, 53]",-0.34679346063012445,
"[38, 62]",-0.3468901179533232,
"[22, 59]",-0.3469759043457607,
"[4, 17]",-0.34702327026148744,
"[12, 24]",-0.3472763448257371,
"[24, 39]",-0.3472763448257371,
"[12, 39]",-0.3472763448257371,
"[16, 30]",-0.34751802687797406,
"[1, 17]",-0.3483314974966244,
"[9, 20]",-0.3483617933565731,
"[59, 70]",-0.3484271417406462,
"[38, 43]",-0.34843375297589974,
"[31, 44]",-0.3486389649106349,
"[13, 15]",-0.3498357874879263,
"[9, 42]",-0.350582545543973,
"[15, 64]",-0.3506646522760824,
"[25, 43]",-0.35083239569487723,
"[20, 40]",-0.35107086178007363,
"[27, 50]",-0.3510751278353545,
"[15, 35]",-0.3511858792007669,
"[18, 61]",-0.3512720983959162,
"[26, 62]",-0.352350054984298,
"[15, 70]",-0.3525271907760392,
"[26, 58]",-0.35267134420461965,
"[36, 68]",-0.3527924561074795,
"[29, 59]",-0.3536873493019778,
"[28, 71]",-0.35389061522831006,
"[26, 68]",-0.35391252649961363,
"[35, 64]",-0.35443182321562017,
"[28, 32]",-0.35447427320913355,
"[25, 32]",-0.3554918914448243,
"[16, 34]",-0.35604809134632165,
"[60, 70]",-0.35646670579317485,
"[44, 45]",-0.3567636809133018,
"[43, 44]",-0.3567636809133018,
"[20, 67]",-0.3576452594935649,
"[2, 66]",-0.35921022962822907,
"[20, 29]",-0.3595813067812128,
"[5, 32]",-0.35964401972478677,
"[11, 62]",-0.35971906206495435,
"[21, 61]",-0.3598422464466326,
"[8, 27]",-0.35985785568416595,
"[5, 38]",-0.36013672758342374,
"[20, 46]",-0.3601461826234678,
"[17, 60]",-0.3601680609724069,
"[7, 70]",-0.36041685299250936,
"[15, 57]",-0.36070899070101153,
"[25, 69]",-0.36109438038226066,
"[9, 44]",-0.36133489003568176,
"[17, 62]",-0.3616267500448457,
"[4, 24]",-0.3622854541799138,
"[13, 69]",-0.36278589508272585,
"[40, 65]",-0.3631757939560337,
"[4, 26]",-0.3632776178827031,
"[46, 72]",-0.36347689082967427,
"[22, 32]",-0.3639049426915118,
"[56, 62]",-0.3642175229872146,
"[5, 67]",-0.36440686235827774,
"[34, 46]",-0.3645956731162549,
"[44, 64]",-0.3653176511537507,
"[24, 56]",-0.36571271681392303,
"[28, 64]",-0.36585560383519317,
"[44, 50]",-0.3659786564298396,
"[42, 43]",-0.3663904918045897,
"[7, 21]",-0.36655324933435474,
"[4, 40]",-0.3667729430473614,
"[41, 71]",-0.367076989324986,
"[28, 45]",-0.3675093014475266,
"[1, 50]",-0.36840985675599996,
"[20, 56]",-0.36911965704631156,
"[56, 64]",-0.36911965704631156,
"[20, 64]",-0.36911965704631156,
"[25, 37]",-0.3693039681321673,
"[3, 13]",-0.3693460628196447,
"[51, 62]",-0.36966010533760363,
"[9, 57]",-0.37052434293569353,
"[47, 54]",-0.3705600798742817,
"[59, 62]",-0.3708819095387113,
"[26, 50]",-0.37101672334084945,
"[32, 61]",-0.3716575221333225,
"[28, 44]",-0.37188673630370334,
"[44, 46]",-0.37200131795172986,
"[3, 46]",-0.37233516977145864,
"[45, 66]",-0.37266718835610974,
"[5, 30]",-0.3728633870102898,
"[30, 56]",-0.3728633870102898,
"[5, 56]",-0.3728633870102898,
"[34, 61]",-0.3729701859022525,
"[40, 42]",-0.3735360825430428,
"[14, 28]",-0.3740268155667231,
"[5, 10]",-0.3743415105862008,
"[22, 27]",-0.37454604334267166,
"[26, 53]",-0.3753884521727273,
"[3, 33]",-0.3758999004617628,
"[20, 48]",-0.37606747945105723,
"[54, 62]",-0.3761101706596453,
"[3, 69]",-0.3762397571450067,
"[6, 11]",-0.37625564310899184,
"[7, 52]",-0.37640573377311337,
"[4, 13]",-0.376520487120024,
"[55, 62]",-0.37654625830929345,
"[42, 51]",-0.3769610414591229,
"[40, 64]",-0.3771650552950539,
"[5, 31]",-0.3772172666828396,
"[53, 57]",-0.3772642297820846,
"[5, 68]",-0.3776262296437808,
"[4, 65]",-0.3777572273012888,
"[3, 70]",-0.378442000865112,
"[22, 70]",-0.3788787684800485,
"[57, 66]",-0.37930652474034504,
"[18, 50]",-0.3793781019603712,
"[3, 34]",-0.37938446977035994,
"[26, 45]",-0.3795236505372959,
"[9, 26]",-0.3795236505372959,
"[9, 45]",-0.3795236505372959,
"[23, 59]",-0.3795361931593756,
"[1, 3]",-0.3799490564419749,
"[16, 25]",-0.38012065469454437,
"[24, 37]",-0.38053015977007365,
"[35, 42]",-0.3805977217680876,
"[13, 16]",-0.38082317337990174,
"[45, 72]",-0.3810733638079475,
"[10, 36]",-0.38115934660937295,
"[15, 26]",-0.38119198933614706,
"[52, 61]",-0.38124403404461704,
"[35, 65]",-0.3813755605894976,
"[11, 40]",-0.381907758554959,
"[33, 40]",-0.3823537014833894,
"[35, 46]",-0.3825070758124724,
"[14, 19]",-0.3825137575280047,
"[9, 15]",-0.3836628050287179,
"[52, 63]",-0.38410752792343383,
"[15, 31]",-0.3844687349314699,
"[63, 65]",-0.38548711167200467,
"[1, 45]",-0.3856209903865868,
"[8, 54]",-0.38590514410210597,
"[68, 71]",-0.38636982302915507,
"[13, 68]",-0.38636982302915507,
"[13, 71]",-0.38636982302915507,
"[14, 24]",-0.3867733348980215,
"[17, 43]",-0.38740940648640293,
"[1, 56]",-0.38748642032843594,
"[28, 65]",-0.38764550178593976,
"[17, 24]",-0.38769224126344687,
"[32, 44]",-0.3878191724275581,
"[44, 47]",-0.3878191724275581,
"[32, 47]",-0.3878191724275581,
"[42, 54]",-0.3879485392195496,
"[5, 14]",-0.3890422552901275,
"[8, 61]",-0.3890837599615312,
"[3, 5]",-0.3898634350545225,
"[44, 52]",-0.38997298134212693,
"[6, 21]",-0.3902421183292158,
"[1, 20]",-0.39063213216813975,
"[56, 68]",-0.3908611532229222,
"[33, 52]",-0.39095090704598756,
"[16, 21]",-0.3910175947007185,
"[25, 67]",-0.3921086127818849,
"[56, 58]",-0.39348221975516084,
"[13, 48]",-0.3935223866446699,
"[48, 58]",-0.3935223866446699,
"[13, 58]",-0.3935223866446699,
"[16, 42]",-0.394155171252516,
"[52, 71]",-0.3942710359355217,
"[23, 39]",-0.3949532575788489,
"[27, 43]",-0.3951029781372204,
"[4, 25]",-0.3953749562568711,
"[25, 28]",-0.3960599043428128,
"[4, 16]",-0.3963484817346716,
"[13, 38]",-0.39840403829807386,
"[52, 69]",-0.39919312980847454,
"[33, 46]",-0.4000534404413789,
"[38, 64]",-0.40060927731361784,
"[51, 54]",-0.40108471170936993,
"[5, 20]",-0.4012705299487588,
"[46, 65]",-0.40182821792648654,
"[3, 41]",-0.40215584078445454,
"[27, 62]",-0.4023329541205233,
"[22, 55]",-0.4027527821775704,
"[1, 7]",-0.4028848547816383,
"[18, 26]",-0.4045914011733488,
"[37, 58]",-0.4048545207296857,
"[8, 22]",-0.4053154031275168,
"[37, 44]",-0.40543277915627995,
"[13, 22]",-0.40546918856548314,
"[7, 13]",-0.40546918856548314,
"[7, 22]",-0.40546918856548314,
"[30, 64]",-0.4060537858915444,
"[45, 62]",-0.4062031582616438,
"[1, 54]",-0.4062652850419292,
"[32, 69]",-0.40651328106387274,
"[17, 29]",-0.4072615073196681,
"[15, 61]",-0.4081213930860662,
"[28, 35]",-0.4081708074449018,
"[33, 45]",-0.40961031834516864,
"[7, 41]",-0.4098375551973087,
"[16, 52]",-0.4098905947649383,
"[50, 53]",-0.410029446600464,
"[26, 56]",-0.41004191826081654,
"[38, 57]",-0.41010701290559787,
"[25, 27]",-0.4107401981941964,
"[11, 41]",-0.411733943295814,
"[17, 54]",-0.4120795288123419,
"[50, 56]",-0.4123695712518329,
"[20, 37]",-0.41384660257689043,
"[57, 72]",-0.4155988008075578,
"[15, 20]",-0.41599958793235053,
"[25, 31]",-0.4162412437121903,
"[53, 70]",-0.41663848470703196,
"[57, 61]",-0.41671069202983,
"[28, 29]",-0.417363420642873,
"[25, 38]",-0.4174376700948885,
"[27, 58]",-0.4180855450018087,
"[3, 18]",-0.41836520992276105,
"[51, 63]",-0.4193004624763664,
"[17, 58]",-0.4201399759964519,
"[22, 62]",-0.420261731563311,
"[9, 36]",-0.42047083304183236,
"[7, 16]",-0.420712088928494,
"[4, 28]",-0.4208653685278144,
"[28, 48]",-0.4215949410038439,
"[25, 54]",-0.4220561164440678,
"[1, 15]",-0.4220935387661418,
"[27, 40]",-0.42216494989192477,
"[24, 41]",-0.4221974983893057,
"[64, 70]",-0.42225840250851304,
"[1, 26]",-0.4225463896774431,
"[1, 5]",-0.4225463896774431,
"[5, 26]",-0.4225463896774431,
"[25, 53]",-0.4232209903815546,
"[1, 9]",-0.4232652964843125,
"[32, 60]",-0.4234093306886519,
"[24, 62]",-0.4244385932927021,
"[5, 9]",-0.42468145706487,
"[28, 61]",-0.4248050598983736,
"[55, 70]",-0.425260687711257,
"[19, 61]",-0.4280189575607842,
"[3, 25]",-0.42804689669399976,
"[10, 19]",-0.4283699770496714,
"[28, 63]",-0.42889066576413853,
"[28, 56]",-0.43020389622099153,
"[4, 50]",-0.4306745857230331,
"[34, 54]",-0.43075282411887184,
"[57, 71]",-0.432176187451352,
"[39, 54]",-0.43229027872854975,
"[54, 72]",-0.4323085652616764,
"[40, 72]",-0.4323085652616764,
"[40, 69]",-0.4324817132915133,
"[23, 62]",-0.43293142354069913,
"[13, 67]",-0.43420243936978375,
"[45, 53]",-0.4344222881269825,
"[40, 44]",-0.4344809245723354,
"[33, 66]",-0.4347151509251908,
"[23, 36]",-0.4348817575479365,
"[52, 65]",-0.43533311840928207,
"[12, 52]",-0.4353918311270869,
"[4, 52]",-0.4353918311270869,
"[4, 12]",-0.4353918311270869,
"[24, 48]",-0.4354806026316866,
"[22, 37]",-0.4355307525917183,
"[1, 65]",-0.43558939803052205,
"[5, 44]",-0.43568526590776296,
"[23, 37]",-0.43610901101831256,
"[23, 43]",-0.4371731338269698,
"[40, 57]",-0.43780500256360816,
"[11, 50]",-0.43808444047785894,
"[6, 19]",-0.43856097860065496,
"[13, 62]",-0.4390252620277651,
"[5, 23]",-0.43995540068261685,
"[39, 41]",-0.4403586380494102,
"[29, 45]",-0.44046082995671737,
"[15, 67]",-0.44153899497576443,
"[36, 45]",-0.44186145290176543,
"[36, 70]",-0.44263919946389646,
"[25, 56]",-0.4426910261938333,
"[64, 68]",-0.4435743562178787,
"[59, 67]",-0.4439083650621129,
"[37, 41]",-0.44419832147813276,
"[4, 34]",-0.4442188921654454,
"[27, 28]",-0.44494126023678665,
"[22, 68]",-0.4449931718439823,
"[4, 29]",-0.44638967641288857,
"[9, 28]",-0.4468381486744632,
"[59, 71]",-0.4477827716578719,
"[4, 37]",-0.4481915986557644,
"[1, 70]",-0.44856591971344456,
"[25, 29]",-0.44872437961326955,
"[25, 57]",-0.4491810381312596,
"[3, 66]",-0.4495408772977312,
"[41, 51]",-0.45006880877825634,
"[9, 27]",-0.4502936838938634,
"[50, 60]",-0.4503996248965281,
"[30, 68]",-0.45049166032739496,
"[26, 36]",-0.45060195102030254,
"[48, 71]",-0.45087272942952406,
"[6, 24]",-0.4510024035892435,
"[54, 66]",-0.4517182842375037,
"[46, 59]",-0.45225955583172484,
"[6, 42]",-0.45248279241325307,
"[25, 62]",-0.4525092493812217,
"[3, 28]",-0.45311247196831655,
"[16, 57]",-0.45327049798513014,
"[1, 28]",-0.4535502154539343,
"[20, 58]",-0.4542684729944592,
"[41, 52]",-0.45526376491124887,
"[28, 34]",-0.45544710389161086,
"[16, 28]",-0.45573893288202266,
"[25, 48]",-0.4573351556936669,
"[34, 58]",-0.45736570011101396,
"[12, 45]",-0.45768464394045744,
"[42, 50]",-0.4578832723954662,
"[13, 37]",-0.45835927265088033,
"[35, 45]",-0.45849320121309456,
"[20, 28]",-0.45924088076696407,
"[4, 6]",-0.4594810760838718,
"[5, 62]",-0.46015642288673353,
"[20, 27]",-0.4604462869632534,
"[26, 44]",-0.46236937696190866,
"[27, 38]",-0.4629227280365889,
"[19, 36]",-0.46357812591614017,
"[26, 37]",-0.4640722477757291,
"[41, 42]",-0.46435651509642045,
"[26, 72]",-0.4649352909573926,
"[20, 23]",-0.46537765441264717,
"[4, 23]",-0.46537765441264717,
"[4, 20]",-0.46537765441264717,
"[38, 41]",-0.4656996831556183,
"[3, 59]",-0.46613307475611315,
"[3, 51]",-0.46613307475611315,
"[51, 59]",-0.46613307475611315,
"[16, 24]",-0.46836822053068344,
"[5, 16]",-0.46836822053068344,
"[5, 24]",-0.46836822053068344,
"[27, 36]",-0.46840276307110307,
"[10, 25]",-0.47073567373495934,
"[4, 58]",-0.4708268192757874,
"[64, 66]",-0.47120528733561035,
"[57, 65]",-0.4712101269772444,
"[1, 29]",-0.47124074144788936,
"[1, 63]",-0.4714077530944993,
"[15, 32]",-0.47141898400892185,
"[9, 62]",-0.47158486553938006,
"[37, 62]",-0.4720135956594837,
"[13, 72]",-0.4751523581876,
"[45, 68]",-0.475275963260999,
"[45, 69]",-0.475275963260999,
"[68, 69]",-0.475275963260999,
"[13, 66]",-0.4752955418853291,
"[2, 13]",-0.4752955418853291,
"[50, 70]",-0.4754926324256783,
"[3, 27]",-0.47616375882963785,
"[28, 41]",-0.4761669622108476,
"[21, 51]",-0.476496033595584,
"[13, 19]",-0.47652746100787025,
"[22, 64]",-0.4771823172063813,
"[37, 64]",-0.47724110453164537,
"[25, 44]",-0.47846929713092673,
"[5, 55]",-0.4785508496091813,
"[22, 35]",-0.47917434855751734,
"[10, 22]",-0.47917434855751734,
"[10, 35]",-0.47917434855751734,
"[27, 65]",-0.4794993285020658,
"[66, 72]",-0.4809464935798388,
"[8, 64]",-0.4814792672140646,
"[10, 20]",-0.48150123100236203,
"[17, 25]",-0.4816310978183908,
"[1, 24]",-0.48169919128113536,
"[13, 43]",-0.48216745574811815,
"[29, 62]",-0.48317682293143077,
"[53, 58]",-0.48346935665799146,
"[8, 10]",-0.4836650974393085,
"[48, 63]",-0.48390744057796564,
"[51, 70]",-0.48433591484205163,
"[28, 42]",-0.48492183192320104,
"[4, 55]",-0.48535743478852295,
"[1, 11]",-0.4862742430047347,
"[19, 25]",-0.48762187806832274,
"[33, 44]",-0.4879354959457578,
"[28, 60]",-0.48827786531293654,
"[4, 14]",-0.4883857006482841,
"[14, 57]",-0.4883857006482841,
"[23, 33]",-0.49053404528950617,
"[23, 68]",-0.49053404528950617,
"[10, 64]",-0.4915012373535771,
"[19, 21]",-0.4917257727303724,
"[22, 67]",-0.49221309921949885,
"[20, 22]",-0.49221309921949885,
"[5, 29]",-0.4922919243333908,
"[22, 40]",-0.4924445341419188,
"[13, 28]",-0.49250938567390745,
"[42, 71]",-0.4925108570091808,
"[24, 52]",-0.4925284967892462,
"[5, 63]",-0.4938247932269282,
"[29, 63]",-0.4938247932269282,
"[5, 64]",-0.4941532651326861,
"[62, 68]",-0.4941730607414003,
"[28, 33]",-0.4945521886067899,
"[5, 18]",-0.4946459729913232,
"[60, 69]",-0.4957769873762289,
"[42, 60]",-0.4957769873762289,
"[42, 69]",-0.4957769873762289,
"[24, 26]",-0.49626059978791054,
"[13, 64]",-0.496413528483287,
"[4, 63]",-0.49841476765894016,
"[11, 46]",-0.49882367414796036,
"[29, 37]",-0.4995645075559283,
"[25, 66]",-0.49960343856818656,
"[57, 60]",-0.4998967406052941,
"[8, 60]",-0.4998967406052941,
"[8, 57]",-0.4998967406052941,
"[52, 60]",-0.5007707195517332,
"[39, 44]",-0.5017014058591847,
"[13, 45]",-0.5017839363542658,
"[15, 56]",-0.5027546166538006,
"[56, 57]",-0.5027546166538006,
"[50, 66]",-0.5033920566929209,
"[26, 35]",-0.5036840512403682,
"[64, 67]",-0.5037491908154443,
"[4, 67]",-0.5037491908154443,
"[4, 64]",-0.5037491908154443,
"[23, 67]",-0.5042872547639015,
"[29, 50]",-0.5043317246783403,
"[50, 72]",-0.5043317246783403,
"[29, 72]",-0.5043317246783403,
"[20, 24]",-0.5053502038949356,
"[23, 25]",-0.5073339129280382,
"[56, 60]",-0.5073576188250577,
"[30, 33]",-0.5073960938350774,
"[3, 65]",-0.5079025140412309,
"[29, 51]",-0.5080278879664315,
"[10, 70]",-0.5084308961792346,
"[50, 57]",-0.5085353539740418,
"[51, 58]",-0.5089218866890809,
"[18, 41]",-0.5095927331265353,
"[30, 50]",-0.5099511070021591,
"[59, 66]",-0.5103527727731969,
"[31, 59]",-0.5103527727731969,
"[31, 66]",-0.5103527727731969,
"[25, 36]",-0.5114185885055522,
"[36, 59]",-0.5127596688341627,
"[7, 59]",-0.5127596688341627,
"[7, 36]",-0.5127596688341627,
"[2, 54]",-0.5128312087118726,
"[2, 8]",-0.5128312087118726,
"[45, 56]",-0.5132910015041594,
"[1, 39]",-0.5133852237720562,
"[48, 52]",-0.5146294741460494,
"[4, 56]",-0.5148190001873312,
"[24, 33]",-0.5152653463112837,
"[51, 56]",-0.5157750396637375,
"[5, 46]",-0.5158324109127139,
"[5, 13]",-0.5158324109127139,
"[13, 46]",-0.5158324109127139,
"[25, 30]",-0.5168910476918369,
"[29, 60]",-0.5174689884051412,
"[24, 31]",-0.5174845604946826,
"[20, 32]",-0.5193409933475546,
"[18, 22]",-0.5212384418537945,
"[1, 61]",-0.5214663957923542,
"[36, 62]",-0.521996494795709,
"[13, 60]",-0.5229019229522237,
"[10, 50]",-0.522935987224985,
"[26, 42]",-0.5229918605655847,
"[47, 51]",-0.5234027468102607,
"[20, 47]",-0.5234027468102607,
"[20, 51]",-0.5234027468102607,
"[41, 59]",-0.5234717811150256,
"[37, 42]",-0.5241084524515262,
"[58, 64]",-0.5242802322085327,
"[36, 58]",-0.5242802322085327,
"[36, 64]",-0.5242802322085327,
"[7, 43]",-0.5250786409990107,
"[57, 62]",-0.527161774171309,
"[56, 59]",-0.5272110629273785,
"[8, 56]",-0.5272110629273785,
"[8, 59]",-0.5272110629273785,
"[34, 55]",-0.52890119452341,
"[25, 55]",-0.52890119452341,
"[25, 34]",-0.52890119452341,
"[23, 61]",-0.529168801831633,
"[5, 40]",-0.5296282309545497,
"[33, 57]",-0.5300858514764284,
"[22, 51]",-0.530831613702027,
"[46, 67]",-0.5308975178200035,
"[9, 22]",-0.5311482574462492,
"[24, 42]",-0.5311524910293604,
"[3, 12]",-0.5313832883086897,
"[43, 51]",-0.5315754785349533,
"[26, 48]",-0.5325259855922172,
"[11, 33]",-0.5329650852692733,
"[43, 55]",-0.533861293476948,
"[42, 63]",-0.5340640567410015,
"[12, 27]",-0.5356481024672834,
"[50, 63]",-0.535783727066417,
"[22, 65]",-0.5360377889444922,
"[48, 55]",-0.536159041755731,
"[20, 53]",-0.5389086831147359,
"[21, 30]",-0.5392397536348117,
"[45, 50]",-0.5399857366639484,
"[53, 66]",-0.5406597749171818,
"[13, 63]",-0.5412789252971398,
"[42, 61]",-0.5419504697121331,
"[7, 23]",-0.5440438622128954,
"[36, 72]",-0.5441195017491129,
"[40, 54]",-0.5453335613719291,
"[9, 25]",-0.5453663432551665,
"[25, 39]",-0.5453663432551665,
"[9, 39]",-0.5453663432551665,
"[6, 27]",-0.545525109477303,
"[20, 70]",-0.5462196384104265,
"[20, 57]",-0.5462196384104265,
"[57, 70]",-0.5462196384104265,
"[55, 58]",-0.5500511244611046,
"[23, 28]",-0.5504374402706467,
"[1, 44]",-0.550678330372203,
"[38, 55]",-0.5510602739198722,
"[1, 22]",-0.5523362272719691,
"[3, 42]",-0.5530418081523646,
"[25, 60]",-0.5540622656745725,
"[44, 57]",-0.5541446766381759,
"[4, 33]",-0.5542393914560445,
"[23, 69]",-0.5550653878285373,
"[3, 38]",-0.5570947502194934,
"[9, 65]",-0.5591772896397639,
"[10, 67]",-0.5592352676870807,
"[30, 43]",-0.5593187478524838,
"[17, 57]",-0.560827766305585,
"[25, 41]",-0.5616745783799812,
"[14, 44]",-0.5621773753255284,
"[51, 64]",-0.5622707385237129,
"[24, 51]",-0.56238953202062,
"[45, 60]",-0.5635390361251386,
"[22, 33]",-0.5635640403420086,
"[3, 50]",-0.5646276623896984,
"[23, 66]",-0.5650177460780423,
"[5, 66]",-0.5652674327292924,
"[8, 26]",-0.5662828575489034,
"[22, 46]",-0.5663243343293161,
"[37, 55]",-0.5667385474450086,
"[44, 54]",-0.5704234392893889,
"[51, 55]",-0.5704434702484056,
"[5, 7]",-0.5705229832214203,
"[28, 50]",-0.5705736406090597,
"[28, 51]",-0.5708168314344029,
"[51, 61]",-0.5709621878200255,
"[8, 18]",-0.5710208591846664,
"[9, 64]",-0.572040889922911,
"[26, 66]",-0.5723489728766827,
"[42, 64]",-0.5723789749090786,
"[37, 57]",-0.5754744621369878,
"[24, 44]",-0.5762444493560521,
"[25, 59]",-0.576651529004811,
"[26, 46]",-0.5771321234692846,
"[46, 56]",-0.5771321234692846,
"[34, 64]",-0.5775977170566202,
"[4, 59]",-0.5798559608835082,
"[27, 29]",-0.5804852855020636,
"[5, 60]",-0.5808698482527971,
"[50, 51]",-0.5828093054075321,
"[39, 50]",-0.5828093054075321,
"[39, 51]",-0.5828093054075321,
"[37, 50]",-0.5830030772118016,
"[23, 50]",-0.5867531451418079,
"[24, 34]",-0.5874408072537896,
"[55, 65]",-0.5888206622114321,
"[62, 64]",-0.5889530505239517,
"[22, 54]",-0.5889955713581272,
"[27, 34]",-0.5909982661581872,
"[8, 34]",-0.5909982661581872,
"[13, 57]",-0.5913062320303777,
"[16, 65]",-0.5914310928301338,
"[34, 48]",-0.5938140787400155,
"[13, 50]",-0.5990861369661791,
"[13, 26]",-0.5990861369661791,
"[53, 60]",-0.6001323133945698,
"[53, 61]",-0.6001323133945698,
"[60, 61]",-0.6001323133945698,
"[58, 66]",-0.6016331704262841,
"[28, 38]",-0.6017993425831206,
"[12, 13]",-0.6025675707118585,
"[12, 69]",-0.6025675707118585,
"[1, 41]",-0.6034413941266388,
"[14, 25]",-0.60577337744198,
"[18, 46]",-0.607289233867389,
"[18, 58]",-0.607289233867389,
"[46, 58]",-0.607289233867389,
"[35, 67]",-0.6084602134642014,
"[8, 63]",-0.6095487154907422,
"[27, 60]",-0.609632720999478,
"[3, 56]",-0.6101037253572774,
"[23, 58]",-0.6108373777004029,
"[9, 32]",-0.6108429207024626,
"[22, 28]",-0.6125970152283566,
"[22, 56]",-0.6137270116387985,
"[27, 69]",-0.614226657003018,
"[33, 69]",-0.614226657003018,
"[27, 67]",-0.614226657003018,
"[27, 52]",-0.614226657003018,
"[27, 33]",-0.614226657003018,
"[52, 67]",-0.614226657003018,
"[3, 53]",-0.6142325582185861,
"[28, 58]",-0.6181417660461805,
"[3, 67]",-0.6194698394710201,
"[45, 57]",-0.6195284882943586,
"[41, 45]",-0.6211752991647888,
"[61, 71]",-0.6215610907069923,
"[29, 66]",-0.6218851168242518,
"[22, 23]",-0.6220573245617311,
"[58, 63]",-0.6227697136040712,
"[10, 56]",-0.623545176375013,
"[25, 26]",-0.6242875230487744,
"[25, 33]",-0.6242875230487744,
"[26, 33]",-0.6242875230487744,
"[1, 13]",-0.626413353331604,
"[1, 25]",-0.6277459692792071,
"[25, 61]",-0.6287380350667191,
"[60, 64]",-0.629319726263841,
"[16, 64]",-0.6294893175664706,
"[3, 71]",-0.6317622452009521,
"[11, 24]",-0.6318131121804795,
"[36, 55]",-0.6324413865763578,
"[28, 36]",-0.6324413865763578,
"[28, 55]",-0.6324413865763578,
"[14, 31]",-0.635588318010645,
"[18, 59]",-0.6357823817857549,
"[15, 60]",-0.6379740037473596,
"[24, 27]",-0.638418140188471,
"[22, 50]",-0.6388990441667906,
"[27, 61]",-0.6393912418787351,
"[61, 64]",-0.6394787702606506,
"[55, 64]",-0.639799548567884,
"[22, 26]",-0.6402595416664131,
"[33, 64]",-0.6403077386629719,
"[27, 54]",-0.6421632066942471,
"[28, 37]",-0.6426554012407704,
"[60, 66]",-0.6455561357252129,
"[3, 57]",-0.6479716143392587,
"[57, 64]",-0.6487072828301059,
"[52, 64]",-0.6517267237225179,
"[42, 56]",-0.6530697546368679,
"[57, 59]",-0.6533450200451767,
"[41, 63]",-0.6549211856114477,
"[5, 45]",-0.6554329708598623,
"[12, 64]",-0.6558741969379687,
"[5, 41]",-0.6562541506242572,
"[60, 71]",-0.6568664936781949,
"[24, 64]",-0.6572198992640126,
"[42, 57]",-0.6574100349534018,
"[57, 67]",-0.6574100349534018,
"[42, 67]",-0.6574100349534018,
"[44, 63]",-0.6577566745293659,
"[25, 64]",-0.6580262940663861,
"[27, 56]",-0.6590638400377982,
"[6, 51]",-0.662923585721064,
"[42, 65]",-0.6631994074624563,
"[18, 28]",-0.6690659248730368,
"[18, 57]",-0.6690659248730368,
"[28, 57]",-0.6690659248730368,
"[1, 27]",-0.669259871382919,
"[1, 14]",-0.669259871382919,
"[14, 27]",-0.669259871382919,
"[33, 67]",-0.6697127338746542,
"[28, 40]",-0.6714005567963311,
"[37, 60]",-0.671662220390619,
"[5, 54]",-0.672841981865036,
"[37, 46]",-0.6732225561285063,
"[3, 29]",-0.6740809593289361,
"[3, 16]",-0.6740809593289361,
"[28, 66]",-0.6746106756908608,
"[27, 31]",-0.6746122950399956,
"[24, 60]",-0.6749505716122601,
"[13, 70]",-0.6751828929548364,
"[26, 63]",-0.6762624534636775,
"[9, 41]",-0.676723042851063,
"[57, 58]",-0.6828179343118461,
"[24, 28]",-0.6848246903552732,
"[3, 37]",-0.6858231715633665,
"[40, 60]",-0.689269328660596,
"[27, 68]",-0.692529223402699,
"[27, 57]",-0.692529223402699,
"[15, 59]",-0.6935682060573866,
"[27, 41]",-0.6944569478892129,
"[24, 53]",-0.6976874211342978,
"[50, 68]",-0.6990723879692974,
"[9, 33]",-0.7011768373314076,
"[50, 58]",-0.7029833211200636,
"[41, 46]",-0.7033796665266107,
"[20, 60]",-0.7041818128191384,
"[26, 51]",-0.7064601457599256,
"[3, 61]",-0.7074816914070413,
"[44, 58]",-0.7076112686779543,
"[16, 41]",-0.7144451099597268,
"[7, 45]",-0.7167560772574106,
"[54, 64]",-0.7168913688844406,
"[5, 11]",-0.7214558239172194,
"[1, 64]",-0.724959544415636,
"[26, 28]",-0.7262644069937465,
"[29, 65]",-0.7276551173466264,
"[26, 60]",-0.7282010036357692,
"[50, 64]",-0.7291070176310868,
"[13, 53]",-0.7299202509517675,
"[18, 56]",-0.7334788825266084,
"[60, 63]",-0.7336339381828517,
"[27, 63]",-0.7372712760519986,
"[27, 37]",-0.7372712760519986,
"[4, 27]",-0.7372712760519986,
"[37, 63]",-0.7372712760519986,
"[41, 58]",-0.7380872463207608,
"[18, 40]",-0.745346687941599,
"[25, 63]",-0.7470559450028744,
"[15, 33]",-0.7480201349523747,
"[46, 60]",-0.7501410239163235,
"[50, 54]",-0.7551292201450464,
"[16, 69]",-0.7556476976055526,
"[36, 57]",-0.7579130350588816,
"[56, 61]",-0.758039408189781,
"[16, 18]",-0.7602934480768111,
"[54, 56]",-0.7618909980573443,
"[56, 63]",-0.7618909980573443,
"[54, 63]",-0.7618909980573443,
"[11, 57]",-0.765762044095817,
"[57, 68]",-0.765762044095817,
"[11, 68]",-0.765762044095817,
"[59, 61]",-0.7729964973268931,
"[20, 50]",-0.7752602041126277,
"[16, 63]",-0.7790129513471473,
"[55, 63]",-0.7790129513471473,
"[16, 55]",-0.7790129513471473,
"[67, 71]",-0.7859604949327459,
"[5, 72]",-0.7864932612573026,
"[5, 19]",-0.7864932612573026,
"[10, 61]",-0.7866451298619301,
"[16, 27]",-0.7923028804075956,
"[19, 72]",-0.793040021410553,
"[16, 40]",-0.7984005279830055,
"[27, 44]",-0.7995201993130827,
"[10, 59]",-0.8035747886875877,
"[53, 64]",-0.803924907924497,
"[41, 53]",-0.803924907924497,
"[41, 64]",-0.803924907924497,
"[11, 64]",-0.8117739169614323,
"[20, 66]",-0.814319284503046,
"[20, 72]",-0.814319284503046,
"[57, 63]",-0.8151247264897831,
"[27, 64]",-0.8151247264897831,
"[23, 45]",-0.8193648521622999,
"[23, 27]",-0.8193648521622999,
"[27, 45]",-0.8193648521622999,
"[19, 59]",-0.8233941746403569,
"[21, 27]",-0.8246831741644958,
"[1, 57]",-0.8299065019548857,
"[22, 41]",-0.8323071789861827,
"[36, 38]",-0.83565701359597,
"[19, 27]",-0.8365412778518181,
"[41, 65]",-0.8433726224192988,
"[41, 55]",-0.8447157904784965,
"[22, 60]",-0.8458009583518157,
"[22, 42]",-0.849148898591242,
"[23, 41]",-0.8500410840243325,
"[20, 33]",-0.8548962718083863,
"[20, 35]",-0.8548962718083863,
"[33, 35]",-0.8548962718083863,
"[22, 63]",-0.862642677956875,
"[36, 41]",-0.8683579268395306,
"[41, 66]",-0.8683579268395306,
"[36, 66]",-0.8683579268395306,
"[7, 27]",-0.8743964565178969,
"[26, 57]",-0.8805085381459659,
"[5, 27]",-0.9014584282726013,
"[22, 57]",-0.9027147399020161,
