Combi,k_eff
"(8, 16)",39.467286217446
"(6, 8, 16)",32.26105935394013
"(0, 8, 16)",31.252122861011415
"(7, 8, 16)",31.078872397152473
"(8, 9, 16)",30.957534324677734
"(8, 14, 16)",30.001466023391288
"(8, 15, 16)",28.818289059612372
"(2, 8, 16)",28.605192305037114
"(17,)",28.168571040012274
"(8, 10, 16)",27.89111523374011
"(11, 14, 17)",27.684889811793816
"(11, 14)",27.50682000227076
"(17, 18)",26.96734235000722
"(11, 14, 18)",26.88407068512378
"(4, 8, 16)",26.86284282729905
"(3, 8, 16)",26.62869715638797
"(5, 8, 16)",26.250524470538743
"(8, 12, 16)",26.250524470538743
"(8, 13, 16)",26.250524470538743
"(18,)",25.766113660002162
"(11, 14, 16)",24.476361509648203
"(6, 11, 14)",24.305901015191115
"(6, 17, 18)",23.988763116739534
"(0, 11, 14)",23.2969645222624
"(7, 11, 14)",23.123714058403458
"(6, 17)",23.10008784510822
"(9, 11, 14)",23.00237598592872
"(7, 17, 18)",22.806576159951874
"(16, 18)",22.154549896788797
"(6, 18)",21.898859155103164
"(14, 17, 18)",21.729169786190692
"(1, 17, 18)",21.33240830593652
"(7, 17)",21.326807409926733
"(9, 17)",21.144800301214623
"(11, 14, 15)",20.863130720863357
"(6, 16, 18)",20.780234814593918
"(2, 11, 14)",20.650033966288103
"(0, 18)",20.38545441571009
"(2, 17, 18)",20.33289606783652
"(6, 7, 17)",20.22840649001921
"(7, 18)",20.125578719921677
"(0, 16, 18)",19.771298321665203
"(14, 17)",19.71069784928496
"(10, 17, 18)",19.618818996539513
"(0, 6, 18)",19.600837827208114
"(7, 16, 18)",19.59804785780626
"(6, 7, 18)",19.427587363349172
"(6, 14, 17)",19.151000116258025
"(1, 17)",19.115555628903703
"(7, 9, 17)",18.924881460756815
"(4, 11, 14)",18.907684488550036
"(11, 17, 18)",18.83321288821476
"(1, 6, 17)",18.754238636003855
"(16,)",18.542986133575432
"(14, 16, 18)",18.52064148404508
"(14, 18)",18.509469159279902
"(0, 7, 18)",18.418650870420457
"(6, 14, 18)",18.35018098958799
"(5, 11, 14)",18.295366131789727
"(11, 12, 14)",18.295366131789727
"(11, 14, 19)",18.295366131789727
"(6, 16)",18.2872953918898
"(1, 16, 18)",18.12388000379091
"(6,)",18.031604650204166
"(5, 17, 18)",17.978228233338143
"(12, 17, 18)",17.978228233338143
"(13, 17, 18)",17.978228233338143
"(17, 18, 19)",17.978228233338143
"(7, 14, 17)",17.96881315947037
"(6, 15, 17)",17.96782315247911
"(1, 6, 18)",17.95341950933382
"(15, 17)",17.935932403616583
"(1, 18)",17.914326938898647
"(9, 14, 17)",17.84747508699563
"(2, 6, 17)",17.754726397903852
"(2, 17)",17.6162872717537
"(1, 7, 17)",17.572051679216198
"(1, 9, 17)",17.45071360674146
"(0, 14, 18)",17.34124449665927
"(0, 6, 16)",17.193128651732536
"(7, 14, 18)",17.16799403280033
"(2, 16, 18)",17.124367765690906
"(6, 10, 17)",17.040649326606847
"(6, 7, 16)",17.019878187873594
"(2, 6, 18)",16.953907271233817
"(0, 1, 18)",16.9444830164051
"(0, 16)",16.773890652496725
"(1, 7, 18)",16.77123255254616
"(9, 15, 17)",16.66429812321671
"(2, 7, 17)",16.572539441116195
"(10, 17)",16.54517166480819
"(0, 6)",16.51819991081109
"(7, 16)",16.514014956708312
"(2, 9, 17)",16.451201368641456
"(2, 18)",16.415058581748642
"(10, 16, 18)",16.4102906943939
"(9, 16)",16.332007847996202
"(6, 7)",16.25832421502268
"(6, 11, 17)",16.255043218282097
"(6, 10, 18)",16.23983019993681
"(0, 7, 16)",16.01094169494488
"(0, 2, 18)",15.9449707783051
"(6, 14, 16)",15.942471814112412
"(0, 9, 16)",15.88960362247014
"(7, 10, 17)",15.85846236981919
"(0, 6, 7)",15.84048120048779
"(6, 8, 17)",15.827729978795942
"(2, 7, 18)",15.77172031444616
"(9, 10, 17)",15.737124297344451
"(7, 9, 16)",15.716353158611199
"(14, 15, 17)",15.708229821930267
"(11, 16, 18)",15.624684586069147
"(1, 6, 16)",15.545710333858242
"(2, 14, 17)",15.495133067355013
"(6, 11, 18)",15.454224091612058
"(5, 6, 17)",15.40005856340548
"(6, 12, 17)",15.40005856340548
"(6, 13, 17)",15.40005856340548
"(6, 17, 19)",15.40005856340548
"(11, 17)",15.36676250232106
"(10, 18)",15.343942974803134
"(1, 15, 17)",15.311468341676097
"(0, 10, 18)",15.230893707008095
"(3, 16, 18)",15.147872617041761
"(1, 2, 17)",15.098371587100843
"(7, 11, 17)",15.072856261494437
"(7, 10, 18)",15.057643243149153
"(0,)",15.004795171418015
"(4, 17)",15.002763055146602
"(3, 6, 18)",14.977412122584672
"(9, 11, 17)",14.951518189019698
"(0, 14, 16)",14.933535321183694
"(14, 16)",14.897905396066538
"(5, 16, 18)",14.76969993119253
"(12, 16, 18)",14.76969993119253
"(13, 16, 18)",14.76969993119253
"(16, 18, 19)",14.76969993119253
"(0, 6, 14)",14.763074826726607
"(7, 14, 16)",14.760284857324756
"(6, 15, 16)",14.759294850333497
"(0, 7)",14.744919475629604
"(8, 17)",14.72579264309183
"(4, 9, 17)",14.708851890903393
"(2, 14, 18)",14.694313940684975
"(7, 8, 17)",14.645543022008283
"(6, 14)",14.642214654380904
"(9, 14, 16)",14.638946784850017
"(5, 6, 18)",14.599239436735441
"(6, 12, 18)",14.599239436735441
"(6, 13, 18)",14.599239436735441
"(6, 18, 19)",14.599239436735441
"(6, 7, 14)",14.589824362867665
"(0, 9)",14.562912366917494
"(2, 6, 16)",14.546198095758239
"(0, 7, 9)",14.536956171225395
"(0, 1, 16)",14.536773840929524
"(8, 9, 17)",14.524204949533544
"(7,)",14.485043779841192
"(0, 11, 18)",14.445287598683342
"(1, 10, 17)",14.384294515803836
"(0, 1, 6)",14.366313346472435
"(1, 7, 16)",14.363523377070585
"(2, 15, 17)",14.311956103576096
"(7, 9)",14.303036671129084
"(1, 16)",14.302763175685282
"(1, 2, 18)",14.297552460430804
"(7, 11, 18)",14.272037134824402
"(1, 9, 16)",14.242185304595846
"(5, 7, 17)",14.217871606617821
"(7, 12, 17)",14.217871606617821
"(7, 13, 17)",14.217871606617821
"(7, 17, 19)",14.217871606617821
"(1, 6, 7)",14.193062882613496
"(11, 18)",14.165533812316005
"(9,)",14.121029562416975
"(5, 9, 17)",14.096533534143083
"(9, 12, 17)",14.096533534143083
"(9, 13, 17)",14.096533534143083
"(9, 17, 19)",14.096533534143083
"(5, 17)",14.084285520006137
"(12, 17)",14.084285520006137
"(13, 17)",14.084285520006137
"(17, 19)",14.084285520006137
"(1, 6)",14.047072433999649
"(0, 3, 18)",13.968475629655956
"(6, 10, 16)",13.832121024461234
"(3, 7, 18)",13.795225165797014
"(4, 14, 17)",13.752783589616946
"(0, 15, 16)",13.750358357404778
"(1, 11, 17)",13.598688407479084
"(10, 15, 17)",13.597879032279089
"(0, 5, 18)",13.590302943806726
"(0, 12, 18)",13.590302943806726
"(0, 13, 18)",13.590302943806726
"(0, 18, 19)",13.590302943806726
"(1, 10, 18)",13.583475389133799
"(0, 7, 14)",13.58088786993895
"(0, 6, 15)",13.57989786294769
"(8, 14, 17)",13.568136648247101
"(0, 2, 16)",13.537261602829524
"(0, 9, 14)",13.459549797464211
"(9, 15, 16)",13.455769821071097
"(3, 18)",13.450315858774925
"(5, 7, 18)",13.417052479947785
"(7, 12, 18)",13.417052479947785
"(7, 13, 18)",13.417052479947785
"(7, 18, 19)",13.417052479947785
"(2, 10, 17)",13.384782277703835
"(0, 2, 6)",13.366801108372435
"(2, 7, 16)",13.364011138970582
"(1, 4, 17)",13.356022109362776
"(7, 9, 14)",13.28629933360527
"(2, 9, 16)",13.242673066495843
"(2, 6, 7)",13.193550644513493
"(0, 1, 7)",13.184126389684778
"(5, 14, 17)",13.140465232856638
"(12, 14, 17)",13.140465232856638
"(14, 17, 19)",13.140465232856638
"(0, 14)",13.128809914987828
"(15, 16)",13.123139950398162
"(0, 1, 9)",13.062788317210039
"(6, 11, 16)",13.04651491613648
"(1, 7, 9)",12.889537853351099
"(5, 18)",12.883056830001081
"(12, 18)",12.883056830001081
"(13, 18)",12.883056830001081
"(18, 19)",12.883056830001081
"(7, 14)",12.868934219199417
"(6, 15)",12.867449208712529
"(0, 10, 16)",12.823184531532519
"(11, 15, 17)",12.812272923954335
"(2, 16)",12.803494818535277
"(1, 11, 18)",12.797869280809046
"(1, 5, 17)",12.743703752602467
"(1, 12, 17)",12.743703752602467
"(1, 13, 17)",12.743703752602467
"(1, 17, 19)",12.743703752602467
"(9, 14)",12.686927110487307
"(0, 6, 10)",12.652724037075428
"(7, 10, 16)",12.649934067673577
"(2, 11, 17)",12.599176169379081
"(2, 10, 18)",12.583963151033798
"(3, 6, 16)",12.569702947109096
"(4, 15, 17)",12.56960662583803
"(2, 6)",12.547804076849644
"(0, 1)",12.533667694606573
"(9, 10, 16)",12.528595995198838
"(14, 15, 16)",12.499701519784654
"(6, 7, 10)",12.479473573216486
"(8, 15, 17)",12.384959684468182
"(2, 4, 17)",12.356509871262775
"(5, 14, 18)",12.339646106186601
"(12, 14, 18)",12.339646106186601
"(14, 18, 19)",12.339646106186601
"(6, 14, 15)",12.329241025327565
"(2, 14, 16)",12.286604765209399
"(0, 9, 15)",12.276372833685294
"(1, 7)",12.273791998818162
"(5, 6, 16)",12.191530261259865
"(6, 12, 16)",12.191530261259865
"(6, 13, 16)",12.191530261259865
"(6, 16, 19)",12.191530261259865
"(0, 2, 7)",12.184614151584777
"(2, 8, 17)",12.171862929892928
"(2, 6, 14)",12.11614427075231
"(1, 15, 16)",12.102940039530484
"(1, 9)",12.091784890106052
"(0, 2, 9)",12.063276079110038
"(0, 11, 16)",12.037578423207766
"(6, 9, 17)",11.972325497512792
"(5, 15, 17)",11.95728826907772
"(12, 15, 17)",11.95728826907772
"(13, 15, 17)",11.95728826907772
"(15, 17, 19)",11.95728826907772
"(1, 5, 18)",11.94288462593243
"(1, 12, 18)",11.94288462593243
"(1, 13, 18)",11.94288462593243
"(1, 18, 19)",11.94288462593243
"(1, 6, 15)",11.932479545073395
"(2, 7, 9)",11.890025615251098
"(1, 2, 16)",11.889843284955228
"(10, 11, 17)",11.885099098082076
"(0, 6, 11)",11.867117928750675
"(7, 11, 16)",11.864327959348824
"(2, 11, 18)",11.798357042709045
"(0, 4, 16)",11.794912125091457
"(2, 5, 17)",11.744191514502464
"(2, 12, 17)",11.744191514502464
"(2, 13, 17)",11.744191514502464
"(2, 17, 19)",11.744191514502464
"(9, 11, 16)",11.742989886874085
"(10, 16)",11.73237921158977
"(1, 2, 6)",11.71938279049814
"(6, 7, 11)",11.693867464891733
"(4, 10, 17)",11.64243279996577
"(0, 3, 16)",11.560766454180378
"(4, 9, 16)",11.500323588757778
"(6, 10)",11.476688469904136
"(0, 7, 10)",11.470537080287771
"(8, 10, 17)",11.457785858595923
"(0, 6, 8)",11.439804689264522
"(0, 3, 6)",11.390305959723289
"(3, 7, 16)",11.387515990321438
"(0, 15)",11.354044469319453
"(0, 9, 10)",11.349199007813032
"(2, 3, 18)",11.321545073681659
"(0, 14, 15)",11.320304532398847
"(6, 7, 8)",11.26655422540558
"(3, 9, 16)",11.266177917846699
"(14,)",11.25282465855764
"(3, 6, 7)",11.217055495864349
"(0, 5, 16)",11.182593768331149
"(0, 12, 16)",11.182593768331149
"(0, 13, 16)",11.182593768331149
"(0, 16, 19)",11.182593768331149
"(7, 9, 10)",11.17594854395409
"(1, 10, 16)",11.175766213658221
"(9, 17, 18)",11.139969793456642
"(0, 2, 14)",11.107207777823593
"(2, 15, 16)",11.103427801430481
"(10, 11, 18)",11.084279971412037
"(0, 2)",11.03439933745657
"(5, 10, 17)",11.03011444320546
"(10, 12, 17)",11.03011444320546
"(10, 13, 17)",11.03011444320546
"(10, 17, 19)",11.03011444320546
"(9, 14, 15)",11.025715996065168
"(3, 17, 18)",11.017941274951871
"(0, 5, 6)",11.01213327387406
"(0, 6, 12)",11.01213327387406
"(0, 6, 13)",11.01213327387406
"(0, 6, 19)",11.01213327387406
"(5, 7, 16)",11.009343304472207
"(7, 12, 16)",11.009343304472207
"(7, 13, 16)",11.009343304472207
"(7, 16, 19)",11.009343304472207
"(1, 6, 10)",11.005305719201134
"(2, 5, 18)",10.94337238783243
"(2, 12, 18)",10.94337238783243
"(2, 13, 18)",10.94337238783243
"(2, 18, 19)",10.94337238783243
"(2, 7, 14)",10.933957313964651
"(2, 6, 15)",10.932967306973392
"(16, 17, 18)",10.927030685504883
"(0, 1, 15)",10.923543052144677
"(9, 15)",10.912161664818932
"(5, 9, 16)",10.888005231997468
"(9, 12, 16)",10.888005231997468
"(9, 13, 16)",10.888005231997468
"(9, 16, 19)",10.888005231997468
"(4, 11, 17)",10.856826691641016
"(5, 6, 7)",10.838882810015118
"(6, 7, 12)",10.838882810015118
"(6, 7, 13)",10.838882810015118
"(6, 7, 19)",10.838882810015118
"(2, 9, 14)",10.812619241489912
"(2, 7)",10.774523641668157
"(0, 1, 2)",10.710446297569423
"(0, 7, 11)",10.684930971963018
"(7, 15, 17)",10.663585493926114
"(1, 9, 15)",10.628954515810998
"(10, 14, 17)",10.598657710609599
"(2, 9)",10.59251653295605
"(0, 9, 11)",10.56359289948828
"(11, 16)",10.55397004910264
"(4, 14, 16)",10.544255287471334
"(1, 2, 7)",10.53719583371048
"(4, 8, 17)",10.429513452154863
"(1, 2, 9)",10.415857761235742
"(7, 9, 11)",10.390342435629337
"(1, 11, 16)",10.39016010533347
"(10, 15, 16)",10.389350730133476
"(0, 4, 9)",10.320926601371973
"(6, 11)",10.298279307417006
"(0, 7, 8)",10.257617732476865
"(5, 11, 17)",10.244508334880706
"(11, 12, 17)",10.244508334880706
"(11, 13, 17)",10.244508334880706
"(11, 17, 19)",10.244508334880706
"(5, 10, 18)",10.229295316535422
"(10, 12, 18)",10.229295316535422
"(10, 13, 18)",10.229295316535422
"(10, 18, 19)",10.229295316535422
"(1, 6, 11)",10.219699610876381
"(6, 10, 15)",10.218890235676387
"(0, 3, 7)",10.208119002935632
"(4, 16)",10.18997060192818
"(6, 8, 14)",10.189147851644398
"(2, 10, 16)",10.17625397555822
"(1, 4, 16)",10.147493807217163
"(0, 8, 9)",10.136279660002126
"(0, 3, 9)",10.086780930460893
"(4, 7, 17)",10.083908731792802
"(1,)",10.06254021779513
"(1, 8, 17)",10.028502037095826
"(4, 17, 18)",10.009606584062507
"(2, 6, 10)",10.005793481101131
"(4, 5, 17)",10.001842036764401
"(4, 12, 17)",10.001842036764401
"(4, 13, 17)",10.001842036764401
"(4, 17, 19)",10.001842036764401
"(0, 1, 10)",9.996369226272416
"(0, 10)",9.963283730511062
"(7, 8, 9)",9.963029196143186
"(5, 14, 16)",9.931936930711025
"(12, 14, 16)",9.931936930711025
"(14, 16, 19)",9.931936930711025
"(0, 2, 15)",9.924030814044675
"(3, 7, 9)",9.913530466601951
"(3, 16)",9.83875209556156
"(0, 5, 7)",9.829946317086403
"(0, 7, 12)",9.829946317086403
"(0, 7, 13)",9.829946317086403
"(0, 7, 19)",9.829946317086403
"(1, 7, 10)",9.823118762413475
"(3, 11, 18)",9.8218618940599
"(5, 8, 17)",9.817195095394553
"(8, 12, 17)",9.817195095394553
"(8, 13, 17)",9.817195095394553
"(10, 14, 18)",9.797838583939562
"(5, 6, 14)",9.761476436253936
"(6, 12, 14)",9.761476436253936
"(6, 14, 19)",9.761476436253936
"(0, 5, 9)",9.708608244611664
"(0, 9, 12)",9.708608244611664
"(0, 9, 13)",9.708608244611664
"(0, 9, 19)",9.708608244611664
"(7, 10)",9.70340803472265
"(1, 9, 10)",9.701780689938737
"(1, 14, 17)",9.68552879546058
"(6, 8)",9.657309448187776
"(2, 9, 15)",9.629442277710996
"(11, 15, 16)",9.603744621808723
"(15, 17, 18)",9.584113203675583
"(3, 6)",9.583061353875927
"(4, 6, 17)",9.546430083852616
"(5, 7, 9)",9.535357780752722
"(7, 9, 12)",9.535357780752722
"(7, 9, 13)",9.535357780752722
"(7, 9, 19)",9.535357780752722
"(1, 5, 16)",9.535175450456855
"(1, 12, 16)",9.535175450456855
"(1, 13, 16)",9.535175450456855
"(1, 16, 19)",9.535175450456855
"(8, 17, 18)",9.521864461038557
"(9, 10)",9.521400926010541
"(14, 15)",9.478059212889265
"(8, 17, 19)",9.45930343422833
"(6, 9, 18)",9.458863667170768
"(1, 3, 18)",9.447378677146526
"(5, 11, 18)",9.44368920821067
"(11, 12, 18)",9.44368920821067
"(11, 13, 18)",9.44368920821067
"(11, 18, 19)",9.44368920821067
"(8, 11, 17)",9.437474917853676
"(6, 11, 15)",9.433284127351634
"(13, 14, 17)",9.419776830545938
"(2, 11, 16)",9.390647867233467
"(5, 12, 17)",9.38952368000409
"(5, 13, 17)",9.38952368000409
"(5, 17, 19)",9.38952368000409
"(12, 13, 17)",9.38952368000409
"(12, 17, 19)",9.38952368000409
"(13, 17, 19)",9.38952368000409
"(0, 4, 14)",9.364858300085528
"(1, 5, 6)",9.364714955999766
"(1, 6, 12)",9.364714955999766
"(1, 6, 13)",9.364714955999766
"(1, 6, 19)",9.364714955999766
"(4, 15, 16)",9.361078323692418
"(0, 17, 18)",9.353412472595656
"(5, 16)",9.271493066787716
"(12, 16)",9.271493066787716
"(13, 16)",9.271493066787716
"(16, 19)",9.271493066787716
"(2, 6, 11)",9.220187372776378
"(0, 1, 11)",9.210763117947662
"(0, 10, 15)",9.20995374274767
"(0, 8, 14)",9.180211358715681
"(2, 14)",9.158414081026383
"(2, 4, 16)",9.14798156911716
"(3, 15, 16)",9.126932652781337
"(4, 9, 14)",9.070269763751849
"(1, 7, 11)",9.037512654088722
"(5, 6)",9.015802325102083
"(6, 12)",9.015802325102083
"(6, 13)",9.015802325102083
"(6, 19)",9.015802325102083
"(7, 8, 14)",9.00696089485674
"(6, 8, 15)",9.00597088786548
"(0, 2, 10)",8.996856988172414
"(0, 1, 4)",8.968096819831358
"(3, 5, 18)",8.966877239183283
"(3, 12, 18)",8.966877239183283
"(3, 13, 18)",8.966877239183283
"(3, 6, 15)",8.956472158324248
"(1, 9, 11)",8.916174581613983
"(9, 10, 15)",8.91536520641399
"(2, 3, 16)",8.91383589820608
"(8, 9, 14)",8.885622822382
"(1, 14, 18)",8.884709668790544
"(1, 15)",8.88291699250801
"(2, 7, 10)",8.823606524313474
"(2, 6, 8)",8.792874133290224
"(0, 11)",8.78487456802393
"(3, 10, 18)",8.783176770001141
"(6, 9, 16)",8.763797195367177
"(0, 5, 14)",8.752539943325218
"(0, 12, 14)",8.752539943325218
"(0, 14, 19)",8.752539943325218
"(5, 15, 16)",8.748759966932107
"(12, 15, 16)",8.748759966932107
"(13, 15, 16)",8.748759966932107
"(15, 16, 19)",8.748759966932107
"(2, 3, 6)",8.743375403748992
"(2, 9, 10)",8.702268451838735
"(3, 18, 19)",8.6883999254434
"(3, 14, 18)",8.678644599891365
"(10, 11, 16)",8.676570795936462
"(1, 4, 9)",8.673508283497679
"(2, 14, 15)",8.673373976424552
"(13, 14, 18)",8.618957703875902
"(5, 12, 18)",8.588704553334054
"(5, 13, 18)",8.588704553334054
"(5, 18, 19)",8.588704553334054
"(12, 13, 18)",8.588704553334054
"(12, 18, 19)",8.588704553334054
"(13, 18, 19)",8.588704553334054
"(5, 7, 14)",8.579289479466278
"(7, 12, 14)",8.579289479466278
"(7, 14, 19)",8.579289479466278
"(5, 6, 15)",8.578299472475019
"(6, 12, 15)",8.578299472475019
"(6, 13, 15)",8.578299472475019
"(6, 15, 19)",8.578299472475019
"(1, 2)",8.563271860645127
"(2, 5, 16)",8.535663212356852
"(2, 12, 16)",8.535663212356852
"(2, 13, 16)",8.535663212356852
"(2, 16, 19)",8.535663212356852
"(7, 11)",8.52499887223552
"(6, 10, 11)",8.506110301479373
"(5, 9, 14)",8.457951406991539
"(9, 12, 14)",8.457951406991539
"(9, 14, 19)",8.457951406991539
"(3, 6, 17)",8.439771605019205
"(4, 10, 16)",8.433904497820155
"(0, 11, 15)",8.424347634422917
"(0, 4)",8.420875120849473
"(2, 5, 6)",8.365202717899763
"(2, 6, 12)",8.365202717899763
"(2, 6, 13)",8.365202717899763
"(2, 6, 19)",8.365202717899763
"(0, 1, 5)",8.355778463071047
"(0, 1, 12)",8.355778463071047
"(0, 1, 13)",8.355778463071047
"(0, 1, 19)",8.355778463071047
"(6, 16, 17)",8.348861015572217
"(9, 11)",8.342991763523411
"(1, 2, 15)",8.276612496170381
"(0, 2, 11)",8.211250879847661
"(1, 5, 7)",8.182527999212107
"(1, 7, 12)",8.182527999212107
"(1, 7, 13)",8.182527999212107
"(1, 7, 19)",8.182527999212107
"(0, 4, 15)",8.18168133630661
"(0, 8)",8.1439047087947
"(9, 11, 15)",8.129759098089238
"(6, 8, 10)",8.07879706199322
"(0, 3)",8.069656614482852
"(1, 5, 9)",8.061189926737368
"(1, 9, 12)",8.061189926737368
"(1, 9, 13)",8.061189926737368
"(1, 9, 19)",8.061189926737368
"(2, 7, 11)",8.038000415988721
"(1, 3, 17)",8.01197774069806
"(0, 8, 15)",7.9970343949367635
"(4, 9)",7.978992316348952
"(0, 2, 4)",7.968584581731355
"(0, 3, 15)",7.947535665395531
"(9, 16, 18)",7.931441491311029
"(2, 9, 11)",7.916662343513982
"(4, 9, 15)",7.8870927999729314
"(7, 8)",7.884029013006289
"(3, 14, 17)",7.825554380625973
"(5, 10, 16)",7.821586141059846
"(10, 12, 16)",7.821586141059846
"(10, 13, 16)",7.821586141059846
"(10, 16, 19)",7.821586141059846
"(3, 7)",7.8097809186944405
"(0, 2, 8)",7.783937640361509
"(0, 2, 3)",7.734438910820276
"(15,)",7.70329376722089
"(8, 9, 15)",7.702445858603085
"(8, 9)",7.702021904294181
"(4, 6, 18)",7.682471780231206
"(2, 4, 9)",7.673996045397676
"(3, 9, 15)",7.652947129061852
"(5, 6, 10)",7.6511256466027575
"(6, 10, 12)",7.6511256466027575
"(6, 10, 13)",7.6511256466027575
"(6, 10, 19)",7.6511256466027575
"(4, 11, 16)",7.648298389495403
"(3, 9)",7.627773809982332
"(2, 7, 8)",7.610687176502568
"(1, 8, 16)",7.5852260838715475
"(0, 6, 9)",7.584400207981371
"(0, 5, 15)",7.569362979546302
"(0, 12, 15)",7.569362979546302
"(0, 13, 15)",7.569362979546302
"(0, 15, 19)",7.569362979546302
"(1, 10, 15)",7.562535424873374
"(2, 3, 7)",7.561188446961335
"(0, 5)",7.502397585709008
"(0, 12)",7.502397585709008
"(0, 13)",7.502397585709008
"(0, 19)",7.502397585709008
"(0, 10, 11)",7.497173808550657
"(1, 10)",7.492156253699618
"(2, 8, 9)",7.489349104027829
"(7, 15, 16)",7.455057191780499
"(2, 3, 9)",7.439850374486596
"(7, 15, 18)",7.436445424079503
"(3, 11, 16)",7.414152718584322
"(6, 7, 9)",7.411149744122429
"(10, 14, 16)",7.390129408463984
"(2, 15)",7.383648635358007
"(4, 7, 18)",7.3607625014974465
"(0, 2, 5)",7.356266224971046
"(0, 2, 12)",7.356266224971046
"(0, 2, 13)",7.356266224971046
"(0, 2, 19)",7.356266224971046
"(1, 2, 10)",7.34943867029812
"(7, 10, 11)",7.323923344691715
"(6, 7, 15)",7.28459669732341
"(5, 9, 15)",7.274774443212621
"(9, 12, 15)",7.274774443212621
"(9, 13, 15)",7.274774443212621
"(9, 15, 19)",7.274774443212621
"(8, 16, 18)",7.266273901819186
"(3, 7, 17)",7.257584648231547
"(0, 4, 10)",7.254507510434349
"(3, 6, 11)",7.243692224127234
"(5, 7)",7.242521889920596
"(7, 12)",7.242521889920596
"(7, 13)",7.242521889920596
"(7, 19)",7.242521889920596
"(6, 10, 14)",7.2196689140068955
"(9, 10, 11)",7.202585272216976
"(2, 5, 7)",7.183015761112105
"(2, 7, 12)",7.183015761112105
"(2, 7, 13)",7.183015761112105
"(2, 7, 19)",7.183015761112105
"(3, 4, 16)",7.171486420468017
"(7, 16, 17)",7.166674058784559
"(3, 9, 17)",7.136246575756808
"(0, 16, 17)",7.132741915194311
"(0, 8, 10)",7.069860569064502
"(2,)",7.064003503495124
"(2, 5, 9)",7.061677688637366
"(2, 9, 12)",7.061677688637366
"(2, 9, 13)",7.061677688637366
"(2, 9, 19)",7.061677688637366
"(5, 9)",7.060514781208488
"(9, 12)",7.060514781208488
"(9, 13)",7.060514781208488
"(9, 19)",7.060514781208488
"(9, 16, 17)",7.04533598630982
"(1, 3, 16)",7.03966950167095
"(5, 11, 16)",7.035980032735093
"(11, 12, 16)",7.035980032735093
"(11, 13, 16)",7.035980032735093
"(11, 16, 19)",7.035980032735093
"(4, 9, 10)",6.95991897410067
"(8, 11, 16)",6.9318186807452244
"(4, 14, 15)",6.931024498686487
"(8, 16, 19)",6.924983135055949
"(7, 8, 10)",6.896610105205562
"(4, 7, 16)",6.87538042964719
"(1, 3, 6)",6.869209007213861
"(5, 6, 11)",6.865519538278004
"(6, 11, 12)",6.865519538278004
"(6, 11, 13)",6.865519538278004
"(6, 11, 19)",6.865519538278004
"(3, 10, 17)",6.823475653366757
"(3, 6, 8)",6.816378984641081
"(4, 16, 18)",6.801078281916894
"(4, 5, 16)",6.793313734618787
"(4, 12, 16)",6.793313734618787
"(4, 13, 16)",6.793313734618787
"(4, 16, 19)",6.793313734618787
"(1, 11, 15)",6.776929316548623
"(8, 9, 10)",6.775272032730824
"(0, 6, 17)",6.77524280266299
"(0, 9, 18)",6.752044503925223
"(8, 14, 15)",6.74637755731664
"(2, 4, 14)",6.717927744111231
"(1, 6, 8)",6.649513240493122
"(0, 5, 10)",6.642189153674041
"(0, 10, 12)",6.642189153674041
"(0, 10, 13)",6.642189153674041
"(0, 10, 19)",6.642189153674041
"(7, 9, 18)",6.578794040066282
"(1, 2, 11)",6.563832561973367
"(2, 10, 15)",6.563023186773373
"(3, 5, 16)",6.559168063707707
"(3, 12, 16)",6.559168063707707
"(3, 13, 16)",6.559168063707707
"(4, 14)",6.544889864419285
"(1, 4, 15)",6.534263018432316
"(2, 8, 14)",6.533280802741384
"(1, 14, 16)",6.477000493314968
"(5, 7, 10)",6.468938689815099
"(7, 10, 12)",6.468938689815099
"(7, 10, 13)",6.468938689815099
"(7, 10, 19)",6.468938689815099
"(0, 4, 11)",6.468901402109597
"(5, 6, 8)",6.438206298791851
"(6, 8, 12)",6.438206298791851
"(6, 8, 13)",6.438206298791851
"(3, 5, 6)",6.388707569250618
"(3, 6, 12)",6.388707569250618
"(3, 6, 13)",6.388707569250618
"(15, 16, 18)",6.375584901529971
"(3, 10, 16)",6.375467594525563
"(1, 8, 18)",6.352591783797521
"(5, 9, 10)",6.34760061734036
"(9, 10, 12)",6.34760061734036
"(9, 10, 13)",6.34760061734036
"(9, 10, 19)",6.34760061734036
"(4, 6, 16)",6.337901781707003
"(6, 9, 14)",6.333743370361247
"(1, 2, 4)",6.3211662638570605
"(5, 14, 15)",6.318706141926176
"(12, 14, 15)",6.318706141926176
"(14, 15, 19)",6.318706141926176
"(1, 11)",6.3137470912124884
"(10, 15)",6.312533028412498
"(1, 6, 14)",6.306539998857879
"(3, 16, 19)",6.280690749967824
"(0, 7, 15)",6.275660204394693
"(3, 14, 16)",6.270935424415789
"(8, 14)",6.267919452364514
"(0, 3, 11)",6.234755731198518
"(13, 14, 16)",6.211248528400325
"(0, 10, 14)",6.210732421078179
"(6, 15, 18)",6.205124407072882
"(3, 6, 10)",6.205007100068474
"(5, 12, 16)",6.180995377858477
"(5, 13, 16)",6.180995377858477
"(5, 16, 19)",6.180995377858477
"(12, 13, 16)",6.180995377858477
"(12, 16, 19)",6.180995377858477
"(13, 16, 19)",6.180995377858477
"(4, 9, 11)",6.174312865775917
"(6, 8, 18)",6.142875664435855
"(3, 6, 19)",6.110230255510735
"(2, 5, 14)",6.105609387350921
"(2, 12, 14)",6.105609387350921
"(2, 14, 19)",6.105609387350921
"(3, 6, 14)",6.1004749299587
"(14, 16, 17)",6.089267685023376
"(6, 8, 19)",6.0803146376256265
"(3, 7, 11)",6.061505267339577
"(6, 8, 11)",6.058486121250974
"(0, 4, 8)",6.041588162623444
"(6, 13, 14)",6.040788033943236
"(7, 10, 14)",6.037481957219239
"(5, 6, 12)",6.010534883401388
"(5, 6, 13)",6.010534883401388
"(5, 6, 19)",6.010534883401388
"(6, 12, 13)",6.010534883401388
"(6, 12, 19)",6.010534883401388
"(6, 13, 19)",6.010534883401388
"(2, 10)",5.9928878965496155
"(0, 3, 4)",5.992089433082211
"(7, 9, 15)",5.981071668061014
"(3, 17, 19)",5.956371530684884
"(1, 4)",5.9497476440380295
"(3, 9, 11)",5.940167194864838
"(1, 6, 9)",5.936981890107076
"(1, 5, 15)",5.921944661672006
"(1, 12, 15)",5.921944661672006
"(1, 13, 15)",5.921944661672006
"(1, 15, 19)",5.921944661672006
"(9, 10, 14)",5.9161438847445
"(0, 1, 3)",5.860272514285144
"(0, 5, 11)",5.8565830453492875
"(0, 11, 12)",5.8565830453492875
"(0, 11, 13)",5.8565830453492875
"(0, 11, 19)",5.8565830453492875
"(1, 10, 11)",5.849755490676361
"(4, 6, 7)",5.8408825402031805
"(0, 3, 8)",5.807442491712364
"(2, 11, 15)",5.77741707844862
"(4, 8, 9)",5.746999626289764
"(1, 2, 5)",5.708847907096751
"(1, 2, 12)",5.708847907096751
"(1, 2, 13)",5.708847907096751
"(1, 2, 19)",5.708847907096751
"(3, 4, 9)",5.697500896748531
"(0, 4, 7)",5.695983442261384
"(1, 16, 17)",5.692506204769206
"(1, 3, 7)",5.6870220504262035
"(5, 7, 11)",5.683332581490347
"(7, 11, 12)",5.683332581490347
"(7, 11, 13)",5.683332581490347
"(7, 11, 19)",5.683332581490347
"(3, 16, 17)",5.655651450979825
"(0, 1, 8)",5.640576747564405
"(3, 7, 8)",5.634192027853423
"(5, 14)",5.62641232927882
"(12, 14)",5.62641232927882
"(14, 19)",5.62641232927882
"(0, 4, 18)",5.621681294531088
"(0, 4, 5)",5.613916747232981
"(0, 4, 12)",5.613916747232981
"(0, 4, 13)",5.613916747232981
"(0, 4, 19)",5.613916747232981
"(1, 4, 10)",5.607089192560055
"(0, 7, 17)",5.593055845875332
"(1, 3, 9)",5.565683977951465
"(5, 9, 11)",5.561994509015608
"(9, 11, 12)",5.561994509015608
"(9, 11, 13)",5.561994509015608
"(9, 11, 19)",5.561994509015608
"(2, 4, 15)",5.534750780332313
"(3, 8, 9)",5.5128539553786835
"(9, 14, 18)",5.5013876663050985
"(0, 9, 17)",5.471717773400593
"(1, 7, 8)",5.467326283705464
"(0, 5, 8)",5.429269805863134
"(0, 8, 12)",5.429269805863134
"(0, 8, 13)",5.429269805863134
"(4, 7, 9)",5.401394905927704
"(0, 3, 5)",5.3797710763219015
"(0, 3, 12)",5.3797710763219015
"(0, 3, 13)",5.3797710763219015
"(2, 8, 15)",5.350103838962466
"(1, 8, 9)",5.3459882112307255
"(4, 5, 9)",5.319328210899301
"(4, 9, 12)",5.319328210899301
"(4, 9, 13)",5.319328210899301
"(4, 9, 19)",5.319328210899301
"(2, 3, 15)",5.300605109421234
"(0, 1, 14)",5.297603505929162
"(5, 7, 8)",5.256019342004193
"(7, 8, 12)",5.256019342004193
"(7, 8, 13)",5.256019342004193
"(3, 5, 7)",5.206520612462961
"(3, 7, 12)",5.206520612462961
"(3, 7, 13)",5.206520612462961
"(0, 15, 18)",5.196187914144165
"(0, 3, 10)",5.196070607139757
"(0, 4, 6)",5.158504794321196
"(6, 9, 15)",5.15056640658233
"(5, 8, 9)",5.134681269529454
"(8, 9, 12)",5.134681269529454
"(8, 9, 13)",5.134681269529454
"(11, 15)",5.1341238659253685
"(0, 8, 18)",5.133939171507138
"(1, 7, 14)",5.124353042070221
"(1, 9, 18)",5.104626186050928
"(0, 3, 19)",5.101293762582018
"(0, 3, 14)",5.091538437029984
"(3, 5, 9)",5.085182539988222
"(3, 9, 12)",5.085182539988222
"(3, 9, 13)",5.085182539988222
"(0, 8, 19)",5.07137814469691
"(10, 11, 15)",5.063340007151615
"(0, 8, 11)",5.049549628322257
"(0, 13, 14)",5.031851541014519
"(1, 5)",5.031270108897565
"(1, 12)",5.031270108897565
"(1, 13)",5.031270108897565
"(1, 19)",5.031270108897565
"(7, 14, 15)",5.025003366774569
"(3, 7, 10)",5.022820143280816
"(1, 9, 14)",5.003014969595482
"(0, 5, 12)",5.0015983904726715
"(0, 5, 13)",5.0015983904726715
"(0, 5, 19)",5.0015983904726715
"(0, 12, 13)",5.0015983904726715
"(0, 12, 19)",5.0015983904726715
"(0, 13, 19)",5.0015983904726715
"(3, 15, 17)",4.997001310691447
"(1, 5, 10)",4.994770835799745
"(1, 10, 12)",4.994770835799745
"(1, 10, 13)",4.994770835799745
"(1, 10, 19)",4.994770835799745
"(7, 8, 18)",4.960688707648197
"(2, 6, 9)",4.937469652007074
"(3, 7, 19)",4.928043298723077
"(2, 5, 15)",4.922432423572005
"(2, 12, 15)",4.922432423572005
"(2, 13, 15)",4.922432423572005
"(2, 15, 19)",4.922432423572005
"(10,)",4.921772289604107
"(3, 7, 14)",4.918287973171043
"(15, 16, 17)",4.906090721244459
"(3, 9, 10)",4.901482070806077
"(7, 8, 19)",4.898127680837969
"(7, 8, 11)",4.876299164463316
"(7, 13, 14)",4.858601077155578
"(2, 10, 11)",4.850243252576359
"(5, 7, 12)",4.828347926613731
"(5, 7, 13)",4.828347926613731
"(5, 7, 19)",4.828347926613731
"(7, 12, 13)",4.828347926613731
"(7, 12, 19)",4.828347926613731
"(7, 13, 19)",4.828347926613731
"(1, 4, 11)",4.821483084235302
"(4, 10, 15)",4.820673709035308
"(2, 11)",4.814478734062486
"(8, 11, 18)",4.808196079634982
"(3, 9, 19)",4.806705226248338
"(3, 9, 14)",4.796949900696304
"(4, 8, 14)",4.790931325003319
"(2, 3, 17)",4.783904556116191
"(8, 9, 19)",4.77678960836323
"(4, 15)",4.7701244187509095
"(8, 9, 11)",4.754961091988577
"(9, 13, 14)",4.737263004680839
"(5, 9, 12)",4.707009854138992
"(5, 9, 13)",4.707009854138992
"(5, 9, 19)",4.707009854138992
"(9, 12, 13)",4.707009854138992
"(9, 12, 19)",4.707009854138992
"(9, 13, 19)",4.707009854138992
"(2, 16, 17)",4.692993966669203
"(8, 10, 15)",4.636026767665461
"(1, 7, 15)",4.6282418865203985
"(2, 4, 10)",4.607576954460052
"(9, 15, 18)",4.6014648454242115
"(0, 14, 17)",4.515649472114149
"(8, 15)",4.493154006696138
"(2, 4)",4.450479286888027
"(4, 7, 14)",4.445326604641259
"(2, 8, 10)",4.422930013090205
"(3, 15)",4.4189059123842895
"(8, 18, 19)",4.3919468158780655
"(4, 14, 18)",4.3710244569109635
"(4, 5, 14)",4.363259909612856
"(4, 12, 14)",4.363259909612856
"(4, 14, 19)",4.363259909612856
"(8, 11, 14)",4.30099336850948
"(0, 3, 17)",4.278996017623275
"(6, 9, 10)",4.223392580710069
"(1, 5, 11)",4.209164727474993
"(1, 11, 12)",4.209164727474993
"(1, 11, 13)",4.209164727474993
"(1, 11, 19)",4.209164727474993
"(5, 10, 15)",4.208355352274999
"(10, 12, 15)",4.208355352274999
"(10, 13, 15)",4.208355352274999
"(10, 15, 19)",4.208355352274999
"(5, 8, 14)",4.1786129682430095
"(8, 12, 14)",4.1786129682430095
"(2, 8)",4.173508874833256
"(0, 1, 17)",4.118887991859979
"(2, 9, 18)",4.105113947950926
"(2, 3)",4.099260780521407
"(1, 4, 7)",4.048565124387088
"(4, 11, 15)",4.035067600710555
"(4, 6, 9)",4.024042948206302
"(2, 5, 10)",3.9952585976997432
"(2, 10, 12)",3.9952585976997432
"(2, 10, 13)",3.9952585976997432
"(2, 10, 19)",3.9952585976997432
"(10, 16, 17)",3.978916895372197
"(1, 4, 18)",3.9742629766567927
"(1, 4, 5)",3.966498429358686
"(1, 4, 12)",3.966498429358686
"(1, 4, 13)",3.966498429358686
"(1, 4, 19)",3.966498429358686
"(14, 15, 18)",3.945531076524041
"(4, 6, 14)",3.9078479567010724
"(8, 14, 18)",3.8832823338870135
"(6, 9)",3.871153716720295
"(8, 16, 17)",3.8610817218044846
"(5, 15)",3.851646883610445
"(12, 15)",3.851646883610445
"(13, 15)",3.851646883610445
"(15, 19)",3.851646883610445
"(4, 9, 18)",3.8373812733224306
"(2, 4, 11)",3.8219708461352995
"(8, 14, 19)",3.8207213070767856
"(3, 11, 15)",3.8009219297994754
"(10, 14, 15)",3.7768986196791374
"(5, 12, 14)",3.750941552852547
"(5, 14, 19)",3.750941552852547
"(12, 14, 19)",3.750941552852547
"(10, 11)",3.743363127116977
"(3, 17)",3.6411045304173566
"(2, 7, 15)",3.6287296484203964
"(4, 8, 15)",3.607754361224402
"(2, 3, 11)",3.5878251752242196
"(2, 10, 14)",3.563801865103882
"(3, 4, 15)",3.5582556316831693
"(1, 15, 18)",3.5487695962698704
"(2, 5)",3.532001751747562
"(2, 12)",3.532001751747562
"(2, 13)",3.532001751747562
"(2, 19)",3.532001751747562
"(1, 4, 6)",3.511086476446902
"(16, 17)",3.5025295968406094
"(8, 9, 18)",3.5010730802406136
"(6, 9, 11)",3.4377864723853158
"(1, 3, 15)",3.4264387128861027
"(5, 11, 15)",3.4227492439502454
"(11, 12, 15)",3.4227492439502454
"(11, 13, 15)",3.4227492439502454
"(11, 15, 19)",3.4227492439502454
"(2, 4, 8)",3.394657606649146
"(9, 10, 18)",3.3910368766539203
"(4, 10)",3.379363679942518
"(3, 8, 15)",3.373608690313322
"(1, 5, 12)",3.3541800725983766
"(1, 5, 13)",3.3541800725983766
"(1, 5, 19)",3.3541800725983766
"(1, 12, 13)",3.3541800725983766
"(1, 12, 19)",3.3541800725983766
"(1, 13, 19)",3.3541800725983766
"(2, 3, 4)",3.345158877107914
"(0, 15, 17)",3.332472508335232
"(3, 11, 17)",3.2842213764944326
"(1, 10, 14)",3.2458331659121655
"(1, 2, 3)",3.213341958310847
"(2, 5, 11)",3.20965248937499
"(2, 11, 12)",3.20965248937499
"(2, 11, 13)",3.20965248937499
"(2, 11, 19)",3.20965248937499
"(1, 8, 15)",3.2067429461653636
"(11, 16, 17)",3.1933107870474444
"(4, 5, 15)",3.1800829458339397
"(4, 12, 15)",3.1800829458339397
"(4, 13, 15)",3.1800829458339397
"(4, 15, 19)",3.1800829458339397
"(2, 3, 8)",3.160511935738066
"(0, 2, 17)",3.1193757537599764
"(4, 10, 11)",3.107893774838294
"(8, 10)",3.102393267887747
"(2, 4, 7)",3.0490528862870865
"(3, 4, 17)",3.041555078378127
"(1, 3, 10)",3.0221968464651363
"(6, 8, 9)",3.010473232899162
"(5, 8, 15)",2.995436004464092
"(8, 12, 15)",2.995436004464092
"(8, 13, 15)",2.995436004464092
"(1, 2, 8)",2.9936461915901083
"(2, 4, 18)",2.9747507385567906
"(2, 4, 5)",2.966986191258684
"(2, 4, 12)",2.966986191258684
"(2, 4, 13)",2.966986191258684
"(2, 4, 19)",2.966986191258684
"(3, 6, 9)",2.9609745033579293
"(4, 16, 17)",2.9506444889311383
"(3, 5, 15)",2.9459372749228594
"(3, 12, 15)",2.9459372749228594
"(3, 13, 15)",2.9459372749228594
"(7, 10, 15)",2.914652577123391
"(1, 14, 15)",2.8637697045301205
"(3, 8, 17)",2.856908137008279
"(2, 5, 8)",2.7823392498888366
"(2, 8, 12)",2.7823392498888366
"(2, 8, 13)",2.7823392498888366
"(3, 10, 15)",2.762236805740716
"(2, 3, 5)",2.732840520347604
"(2, 3, 12)",2.732840520347604
"(2, 3, 13)",2.732840520347604
"(4, 6, 15)",2.7246709929221553
"(4, 8, 10)",2.680580535352141
"(3, 15, 19)",2.6674599611829763
"(10, 11, 14)",2.6625828568495655
"(3, 14, 15)",2.6577046356309424
"(1, 2, 14)",2.650672949954865
"(8, 15, 19)",2.6375443432978685
"(9, 18)",2.6213418504899106
"(8, 11, 15)",2.615715826923216
"(9, 11, 18)",2.6054307683291675
"(13, 14, 15)",2.598017739615477
"(5, 6, 9)",2.5828018175086997
"(6, 9, 12)",2.5828018175086997
"(6, 9, 13)",2.5828018175086997
"(6, 9, 19)",2.5828018175086997
"(4, 7, 15)",2.570189274400556
"(5, 12, 15)",2.56776458907363
"(5, 13, 15)",2.56776458907363
"(5, 15, 19)",2.56776458907363
"(12, 13, 15)",2.56776458907363
"(12, 15, 19)",2.56776458907363
"(13, 15, 19)",2.56776458907363
"(11,)",2.564953964629847
"(1, 8, 14)",2.553066217969263
"(2, 15, 18)",2.5492573581698683
"(2, 3, 10)",2.5491400511654607
"(2, 4, 6)",2.5115742383469
"(5, 10, 11)",2.4955754180779843
"(10, 11, 12)",2.4955754180779843
"(10, 11, 13)",2.4955754180779843
"(10, 11, 19)",2.4955754180779843
"(2, 8, 18)",2.487008615532841
"(5, 10)",2.4608861448020534
"(10, 12)",2.4608861448020534
"(10, 13)",2.4608861448020534
"(10, 19)",2.4608861448020534
"(2, 3, 19)",2.454363206607721
"(1, 8, 11)",2.4464055667000766
"(2, 3, 14)",2.4446078810556866
"(3, 5, 17)",2.429236721617817
"(3, 12, 17)",2.429236721617817
"(3, 13, 17)",2.429236721617817
"(2, 8, 19)",2.424447588722613
"(0, 10, 17)",2.4052986824629703
"(2, 8, 11)",2.4026190723479606
"(2, 13, 14)",2.384920985040222
"(2, 5, 12)",2.3546678344983745
"(2, 5, 13)",2.3546678344983745
"(2, 5, 19)",2.3546678344983745
"(2, 12, 13)",2.3546678344983745
"(2, 12, 19)",2.3546678344983745
"(2, 13, 19)",2.3546678344983745
"(5, 16, 17)",2.3383261321708284
"(12, 16, 17)",2.3383261321708284
"(13, 16, 17)",2.3383261321708284
"(16, 17, 19)",2.3383261321708284
"(4, 7, 10)",2.334975814990081
"(1, 8, 10)",2.279569120293103
"(4, 10, 18)",2.260673667259785
"(4, 5, 10)",2.2529091199616786
"(4, 10, 12)",2.2529091199616786
"(4, 10, 13)",2.2529091199616786
"(4, 10, 19)",2.2529091199616786
"(4, 11)",2.200954517455388
"(1, 3, 19)",2.1550927237832638
"(7, 11, 15)",2.129046468798638
"(3, 9, 18)",2.1286187993017816
"(5, 8, 10)",2.068262178591831
"(8, 10, 12)",2.068262178591831
"(8, 10, 13)",2.068262178591831
"(1, 8, 19)",2.0301563029431606
"(4, 15, 18)",1.99004911702162
"(3, 14, 19)",1.9686693637111783
"(7, 15)",1.9087980950793164
"(3, 11)",1.8497360110887682
"(3, 4, 11)",1.845475697486155
"(4,)",1.8369550702809292
"(1, 13, 14)",1.8362704857779966
"(1, 11, 14)",1.8353244745364008
"(10, 15, 18)",1.8351802868728626
"(4, 10, 14)",1.8214523873658173
"(10, 14)",1.8121334275570375
"(4, 6, 10)",1.7974971670498943
"(8, 10, 18)",1.7729315442358353
"(5, 9, 18)",1.7504461134525515
"(9, 12, 18)",1.7504461134525515
"(9, 13, 18)",1.7504461134525515
"(9, 18, 19)",1.7504461134525515
"(1, 3, 11)",1.7136587786890884
"(8, 10, 19)",1.7103705174256074
"(7, 8, 15)",1.7017332293124845
"(8, 10, 11)",1.6885420010509549
"(8, 15, 18)",1.6537409239398029
"(3, 7, 15)",1.652234499771252
"(5, 10, 12)",1.6405907632013688
"(5, 10, 13)",1.6405907632013688
"(5, 10, 19)",1.6405907632013688
"(10, 12, 13)",1.6405907632013688
"(10, 12, 19)",1.6405907632013688
"(10, 13, 19)",1.6405907632013688
"(8, 10, 14)",1.63680544599597
"(0, 11, 17)",1.6196925741382175
"(4, 8)",1.559984658226158
"(4, 7, 11)",1.5493697066653278
"(3, 11, 14)",1.5387067073935956
"(3, 4)",1.4857365639143092
"(4, 11, 18)",1.4750675589350317
"(1, 3, 4)",1.4709924805727825
"(11, 13, 14)",1.4686081333313166
"(4, 5, 11)",1.4673030116369254
"(4, 11, 12)",1.4673030116369254
"(4, 11, 13)",1.4673030116369254
"(4, 11, 19)",1.4673030116369254
"(10, 13, 14)",1.4370253096503902
"(3, 4, 8)",1.4181624580000016
"(0, 4, 17)",1.3770262760219114
"(1, 3)",1.2869340928510002
"(8,)",1.283014246171387
"(5, 11)",1.2824769823149236
"(11, 12)",1.2824769823149236
"(11, 13)",1.2824769823149236
"(11, 19)",1.2824769823149236
"(5, 7, 15)",1.2740618139220221
"(7, 12, 15)",1.2740618139220221
"(7, 13, 15)",1.2740618139220221
"(7, 15, 19)",1.2740618139220221
"(1, 4, 8)",1.2512967138520437
"(3, 5, 11)",1.2331573407258454
"(3, 11, 12)",1.2331573407258454
"(3, 11, 13)",1.2331573407258454
"(5, 10, 14)",1.2091340306055076
"(10, 12, 14)",1.2091340306055076
"(10, 14, 19)",1.2091340306055076
"(3, 8)",1.208766151859538
"(0, 8, 17)",1.1923793346520641
"(1, 3, 8)",1.1494920803391961
"(0, 17)",1.141954518132633
"(3,)",1.1345180575476892
"(4, 7, 8)",1.1220564671791744
"(3, 4, 7)",1.0725577376379418
"(11, 15, 18)",1.0495741785481094
"(3, 10, 11)",1.049456871543702
"(4, 5, 8)",1.039989772150772
"(4, 8, 12)",1.039989772150772
"(4, 8, 13)",1.039989772150772
"(4, 7)",1.03979860852449
"(4, 6, 11)",1.011891058725141
"(3, 4, 18)",0.9982555899076457
"(3, 4, 5)",0.9904910426095394
"(3, 4, 12)",0.9904910426095394
"(3, 4, 13)",0.9904910426095394
"(3, 10, 19)",0.9665906364519626
"(1, 8)",0.9572895451021933
"(3, 11, 19)",0.9546800269859623
"(4, 18)",0.9269081059588361
"(4, 5)",0.9184775351404646
"(4, 12)",0.9184775351404646
"(4, 13)",0.9184775351404646
"(4, 19)",0.9184775351404646
"(1, 4, 14)",0.9083234722168003
"(4, 8, 18)",0.8896573518380224
"(1, 3, 5)",0.8586741238124729
"(1, 3, 12)",0.8586741238124729
"(1, 3, 13)",0.8586741238124729
"(5, 11, 12)",0.8549846548766157
"(5, 11, 13)",0.8549846548766157
"(5, 11, 19)",0.8549846548766157
"(11, 12, 13)",0.8549846548766157
"(11, 12, 19)",0.8549846548766157
"(11, 13, 19)",0.8549846548766157
"(3, 4, 10)",0.806790573427396
"(3, 5, 8)",0.805844101239692
"(3, 8, 12)",0.805844101239692
"(3, 8, 13)",0.805844101239692
"(0, 5, 17)",0.7647079192616018
"(0, 12, 17)",0.7647079192616018
"(0, 13, 17)",0.7647079192616018
"(0, 17, 19)",0.7647079192616018
"(3, 10, 14)",0.74489025076705
"(3, 4, 19)",0.7120137288696563
"(3, 4, 14)",0.7022584033176219
"(4, 5, 7)",0.6943850517887121
"(4, 7, 12)",0.6943850517887121
"(4, 7, 13)",0.6943850517887121
"(4, 7, 19)",0.6943850517887121
"(4, 8, 19)",0.6820981109845483
"(4, 8, 11)",0.6602695946098955
"(4, 13, 14)",0.642571507302157
"(5, 8)",0.6415071230856935
"(8, 12)",0.6415071230856935
"(8, 13)",0.6415071230856935
"(1, 5, 8)",0.638978357091734
"(1, 8, 12)",0.638978357091734
"(1, 8, 13)",0.638978357091734
"(3, 8, 10)",0.6221436320575486
"(4, 5, 18)",0.6200829040584162
"(4, 12, 18)",0.6200829040584162
"(4, 13, 18)",0.6200829040584162
"(4, 18, 19)",0.6200829040584162
"(1, 3, 14)",0.6197377343195345
"(4, 5, 12)",0.6123183567603097
"(4, 5, 13)",0.6123183567603097
"(4, 5, 19)",0.6123183567603097
"(4, 12, 13)",0.6123183567603097
"(4, 12, 19)",0.6123183567603097
"(4, 13, 19)",0.6123183567603097
"(4, 6, 8)",0.5845778192389877
"(3, 15, 18)",0.5727622095207234
"(3, 5)",0.5672590287738446
"(3, 12)",0.5672590287738446
"(3, 13)",0.5672590287738446
"(3, 4, 6)",0.5350790896977551
"(3, 8, 14)",0.5176114619477745
"(3, 8, 18)",0.5105134668836963
"(3, 8, 19)",0.48742097501835535
"(8, 11, 19)",0.4857605987806228
"(8, 13, 14)",0.4579245659323096
"(1, 14)",0.4414555260030986
"(5, 8, 12)",0.4276714153904623
"(5, 8, 13)",0.4276714153904623
"(8, 12, 13)",0.4276714153904623
"(3, 8, 11)",0.42612392369881563
"(3, 5, 12)",0.3781726858492297
"(3, 5, 13)",0.3781726858492297
"(3, 12, 13)",0.3781726858492297
"(1, 5, 14)",0.2960051154564906
"(1, 12, 14)",0.2960051154564906
"(1, 14, 19)",0.2960051154564906
"(3, 10)",0.2910245564499844
"(15, 18)",0.2877756276316789
"(3, 13, 14)",0.24627298807584394
"(4, 6)",0.2329360831365266
"(8, 18)",0.19518131732868124
"(5, 15, 18)",0.1945895236714937
"(12, 15, 18)",0.1945895236714937
"(13, 15, 18)",0.1945895236714937
"(15, 18, 19)",0.1945895236714937
"(3, 5, 10)",0.19447221666708633
"(3, 10, 12)",0.19447221666708633
"(3, 10, 13)",0.19447221666708633
"(4, 5, 6)",0.15690640384852544
"(4, 6, 12)",0.15690640384852544
"(4, 6, 13)",0.15690640384852544
"(4, 6, 19)",0.15690640384852544
"(3, 19)",0.14943868117320655
"(3, 14)",0.13339613377458762
"(5, 8, 18)",0.13234078103446653
"(8, 12, 18)",0.13234078103446653
"(8, 13, 18)",0.13234078103446653
"(8, 19)",0.10453548879480563
"(3, 5, 19)",0.09969537210934662
"(3, 12, 19)",0.09969537210934662
"(3, 13, 19)",0.09969537210934662
"(3, 5, 14)",0.08994004655731228
"(3, 12, 14)",0.08994004655731228
"(8, 11)",0.0714640730265046
"(5, 8, 19)",0.06977975422423865
"(8, 12, 19)",0.06977975422423865
"(8, 13, 19)",0.06977975422423865
"(5, 8, 11)",0.04795123784958596
"(8, 11, 12)",0.04795123784958596
"(8, 11, 13)",0.04795123784958596
"(13, 14)",0.04398516244970176
"(5, 13, 14)",0.03025315054184734
"(12, 13, 14)",0.03025315054184734
"(13, 14, 19)",0.03025315054184734
"(5,)",0.0
"(12,)",0.0
"(13,)",0.0
"(19,)",0.0
"(5, 12)",0.0
"(5, 13)",0.0
"(5, 19)",0.0
"(12, 13)",0.0
"(12, 19)",0.0
"(13, 19)",0.0
"(5, 12, 13)",0.0
"(5, 12, 19)",0.0
"(5, 13, 19)",0.0
"(12, 13, 19)",0.0
